"","session_number","progress","completion_code","alphabet_key","language_condition","order_condition","picture_condition","speaker_condition","orthography_condition","start_timestamp","end_timestamp","age","gender","english","fun","noise"
"1",1,"START","","kdaEfOmuinlsb","standard","RW",1,"female","transparent","2017-03-24 14:53:52","0000-00-00 00:00:00",0,"",0,0,0
"2",2,"END","00002pxVKb","fnaklsEOubmid","standard","RW",0,"male","transparent","2017-03-24 15:52:56","2017-03-24 17:05:17",46,"f",5,4,5
"3",3,"END","00003HoKTb","uOmbdlikafnEs","standard","RW",0,"female","transparent","2017-03-24 16:12:16","2017-03-24 17:36:34",54,"f",5,4,5
"4",4,"END","00004hLfkU","kElnfdOibsaum","standard","WR",1,"male","transparent","2017-03-24 17:11:23","2017-03-24 17:59:10",30,"f",5,4,5
"5",5,"R_TR1","","ldnsiubmkOEaf","standard","WR",1,"female","transparent","2017-03-24 18:02:09","0000-00-00 00:00:00",49,"f",5,0,0
"6",6,"END","00006mjPut","sElnuObdfmkia","standard","WR",0,"male","transparent","2017-03-24 18:08:21","2017-03-24 19:21:28",49,"m",5,5,5
"7",7,"END","00007YrKZb","bfmsaEdnikulO","standard","WR",0,"female","transparent","2017-03-24 18:14:44","2017-03-24 19:01:52",55,"m",5,4,5
"8",8,"INSTR_EXPOSURE2","","niOEdbuslkamf","standard","RW",1,"male","transparent","2017-03-24 18:19:11","0000-00-00 00:00:00",26,"m",5,0,0
"9",9,"END","00009xLFAO","OlkEnfdbmuais","standard","RW",1,"female","transparent","2017-03-24 18:35:35","2017-03-24 19:43:27",53,"m",5,1,5
"10",10,"DEMOGRAPHICS","","OEfkdnilbaums","standard","RW",0,"male","transparent","2017-03-24 19:24:39","0000-00-00 00:00:00",0,"",0,0,0
"11",11,"END","00011Wehjd","OubkilEfasdmn","standard","RW",0,"female","transparent","2017-03-24 19:45:42","2017-03-24 20:36:50",46,"m",5,3,3
"12",12,"R_TR2","","kdasuinlOEfmb","standard","WR",1,"male","transparent","2017-03-24 21:12:51","0000-00-00 00:00:00",43,"f",5,0,0
"13",13,"INSTR_R_TR1","","idubkmEasflnO","standard","WR",1,"female","transparent","2017-03-24 21:14:30","0000-00-00 00:00:00",65,"f",5,0,0
"14",14,"W_TR1","","idbamkEOflnus","standard","WR",0,"male","transparent","2017-03-24 21:38:46","2017-06-02 22:58:00",51,"f",5,0,0
"15",15,"END","00015jkTPW","bmdnfsOaulikE","standard","WR",0,"female","transparent","2017-03-24 21:42:18","2017-03-24 23:18:46",36,"f",5,4,5
"16",16,"END","00016XbPLq","buEifsaldkOmn","standard","RW",1,"male","transparent","2017-03-24 22:49:13","2017-03-25 00:17:39",33,"m",5,3,5
"17",17,"END","00017fNmDa","bflEOmdnaskui","standard","RW",1,"female","transparent","2017-03-25 07:58:32","2017-03-25 09:07:31",44,"m",5,5,5
"18",18,"END","00018hfxzk","liabkdnumOsEf","standard","RW",0,"male","transparent","2017-03-28 11:39:03","2017-03-28 12:02:49",30,"m",5,5,5
"19",19,"END","00019aFWfH","biulOkmEsdnaf","standard","RW",0,"female","transparent","2017-03-28 11:43:09","2017-03-28 12:07:36",32,"m",5,3,5
"20",20,"SCRIPT","","maksnbiuldfEO","standard","WR",1,"male","transparent","2017-03-28 11:44:48","0000-00-00 00:00:00",31,"m",5,0,0
"21",21,"R_TR1","","fnkEisdulamOb","standard","WR",1,"female","transparent","2017-03-28 11:46:08","0000-00-00 00:00:00",30,"m",5,0,0
"22",22,"END","00022Bfixe","mudibsfkEOlan","standard","WR",0,"male","transparent","2017-03-28 11:56:33","2017-03-28 12:31:50",29,"m",5,4,5
"23",23,"END","00023FLtzv","kmnusEiOdbalf","standard","WR",0,"female","transparent","2017-03-28 12:17:10","2017-03-28 13:18:54",26,"f",5,4,5
"24",24,"END","00024eQqTt","laimfbnudEksO","standard","RW",1,"male","transparent","2017-03-28 12:47:41","2017-03-28 13:34:46",56,"m",5,5,5
"25",25,"SCRIPT","","fEnlOsdukiamb","standard","RW",1,"female","transparent","2017-03-28 13:14:40","0000-00-00 00:00:00",27,"m",5,0,0
"26",26,"END","00026DyRLh","ibEakndulfsOm","standard","RW",0,"male","transparent","2017-03-28 13:42:36","2017-03-28 14:45:39",44,"m",5,5,5
"27",27,"END","00027GcbAf","dsEmlnObfaiku","standard","RW",0,"female","transparent","2017-03-28 14:34:01","2017-03-28 15:36:13",52,"m",4,5,5
"28",28,"END","00028lWgtK","ibmkEOlsdanuf","standard","WR",1,"male","transparent","2017-03-28 16:03:54","2017-03-28 17:13:09",31,"m",5,1,5
"29",29,"END","00029IWXNY","dkasiOlbfnmEu","standard","WR",1,"female","transparent","2017-03-28 17:08:15","2017-03-28 18:16:13",30,"m",5,3,5
"30",30,"START","","dkslmnbEfaiuO","standard","WR",0,"male","transparent","2017-03-28 18:13:09","0000-00-00 00:00:00",0,"",0,0,0
"31",31,"END","00031dWvAy","aiknlfmbEOdsu","standard","WR",0,"female","transparent","2017-03-29 00:02:45","2017-03-29 00:52:50",35,"f",5,5,5
"32",32,"START","","OmnlfksiaduEb","standard","RW",1,"male","transparent","2017-03-30 16:55:42","0000-00-00 00:00:00",0,"",0,0,0
"33",33,"START","","OlfbaEkunsmid","standard","WR",0,"female","transparent","2017-03-30 16:57:01","0000-00-00 00:00:00",0,"",0,0,0
"34",34,"R_TR1","","ldsbaOnuEikfm","standard","WR",0,"female","transparent","2017-03-30 16:57:21","0000-00-00 00:00:00",999,"o",5,0,0
"35",35,"W_TR1","","EidalufkOsmnb","standard","RW",1,"male","transparent","2017-04-01 10:35:27","0000-00-00 00:00:00",999,"o",1,0,0
"36",36,"R_TR1","","mEinuOakdfbls","standard","RW",1,"female","transparent","2017-04-01 10:40:19","0000-00-00 00:00:00",999,"o",1,0,0
"37",37,"INSTR_R_TR1","","ksdbaufElOmni","standard","RW",0,"male","transparent","2017-04-01 10:42:18","0000-00-00 00:00:00",999,"o",1,0,0
"38",38,"R_TR1","","kbfaOdmiluEns","standard","RW",0,"female","transparent","2017-04-01 10:43:16","0000-00-00 00:00:00",999,"o",1,0,0
"39",39,"W_TR1","","EnaOmlbduskfi","standard","WR",1,"male","transparent","2017-04-01 10:45:16","0000-00-00 00:00:00",999,"o",1,0,0
"40",40,"W_TR1","","OfbEksildmuna","standard","WR",1,"female","transparent","2017-04-01 10:46:32","0000-00-00 00:00:00",999,"o",1,0,0
"41",41,"W_TR1","","auiElnsbfOmdk","standard","WR",0,"male","transparent","2017-04-01 10:47:36","0000-00-00 00:00:00",999,"o",1,0,0
"42",42,"W_TR1","","naufOdsEmiblk","standard","WR",0,"female","transparent","2017-04-01 10:49:07","0000-00-00 00:00:00",999,"o",1,0,0
"43",43,"END","00043bwPiz","fkumnisOdEalb","standard","WR",0,"male","transparent","2017-04-01 14:21:38","2017-04-01 15:37:14",59,"m",5,5,5
"44",44,"DEMOGRAPHICS","","nbkiladusmEOf","standard","WR",0,"male","transparent","2017-04-01 14:25:38","0000-00-00 00:00:00",0,"",0,0,0
"45",45,"END","00045BTsgR","ulEdabOsnkimf","standard","WR",0,"male","transparent","2017-04-01 14:36:15","2017-04-01 16:02:08",30,"m",5,4,5
"46",46,"SCRIPT","","OambnfiklsuEd","standard","WR",0,"male","transparent","2017-04-01 14:55:21","0000-00-00 00:00:00",30,"m",5,0,0
"47",47,"SCRIPT","","bdlfaEkinuOsm","standard","WR",0,"male","transparent","2017-04-01 15:48:32","0000-00-00 00:00:00",28,"f",5,0,0
"48",48,"END","00048GkqoY","auOsnfEdikmlb","standard","WR",0,"male","transparent","2017-04-01 18:03:50","2017-04-01 18:47:35",26,"m",3,5,5
"49",49,"W_TR2","","fundsOlmikbEa","dialect","RW",1,"female","transparent","2017-04-19 18:00:47","0000-00-00 00:00:00",999,"o",5,0,0
"50",50,"END","00050QGlVP","fmEuklbaniOds","dialect","RW",0,"male","transparent","2017-04-20 13:01:40","2017-04-20 13:18:20",999,"o",5,1,5
"51",51,"END","00051xGHAZ","fOdmElabusnki","standard","RW",0,"female","transparent","2017-04-20 13:22:56","2017-04-20 13:42:33",999,"o",5,1,5
"52",52,"W_TR2","","imksufdaOnEbl","dialect","WR",1,"male","transparent","2017-04-20 14:24:21","0000-00-00 00:00:00",999,"o",5,0,0
"53",53,"END","00053USnPx","kialuEbdnsmOf","dialect","WR",1,"female","transparent","2017-04-20 14:42:33","2017-04-20 14:46:47",999,"o",1,1,1
"54",54,"END","00054mYJRd","OksulEdnaimbf","dialect","WR",0,"male","transparent","2017-04-20 15:33:59","2017-04-20 16:19:14",25,"m",5,4,5
"55",55,"END","00055jFgta","mafilduOnskbE","dialect","WR",0,"female","transparent","2017-04-20 15:37:45","2017-04-20 16:23:23",23,"m",5,4,5
"56",56,"END","00056fgPbV","kblEmnOfidasu","dialect","RW",1,"male","transparent","2017-04-20 15:46:24","2017-04-20 16:58:30",55,"m",5,5,5
"57",57,"END","00057nMVuW","bmaunfiEdslkO","dialect","RW",1,"female","transparent","2017-04-20 15:47:41","2017-04-20 16:48:47",33,"m",4,4,5
"58",58,"R_TR1","","OudmlbnakfsEi","dialect","RW",0,"male","transparent","2017-04-20 15:50:15","0000-00-00 00:00:00",23,"m",2,0,0
"59",59,"END","00059qUxyr","fiOdEnmaskubl","dialect","RW",0,"female","transparent","2017-04-20 16:05:08","2017-04-20 17:09:11",39,"m",5,5,5
"60",60,"END","00060AYNxh","ulOakbnsmEidf","dialect","WR",1,"male","transparent","2017-04-20 16:06:47","2017-04-20 16:40:13",40,"m",5,4,5
"61",61,"END","00061fWvNn","suifElOmdnbak","dialect","WR",1,"female","transparent","2017-04-20 16:10:39","2017-04-20 18:34:05",23,"m",2,5,4
"62",62,"SCRIPT","","mndaOksfuliEb","dialect","WR",0,"male","transparent","2017-04-20 16:18:21","0000-00-00 00:00:00",29,"m",5,0,0
"63",63,"END","00063ljOZm","ulidkmEnOfabs","dialect","WR",0,"female","transparent","2017-04-20 16:19:29","2017-04-20 18:01:42",65,"f",5,1,5
"64",64,"END","00064kOrSz","bkOfunaimsdlE","dialect","RW",1,"male","transparent","2017-04-20 16:23:32","2017-04-20 17:17:39",44,"f",5,4,5
"65",65,"END","00065EOLlv","dsukfEmaOlibn","dialect","RW",1,"female","transparent","2017-04-20 16:24:34","2017-04-20 17:10:07",39,"m",5,5,5
"66",66,"R_TR1","","OEkusbfnaimdl","dialect","RW",0,"male","transparent","2017-04-20 16:33:45","0000-00-00 00:00:00",36,"m",5,0,0
"67",67,"END","00067zLDPF","imkaldbEsOnfu","dialect","RW",0,"female","transparent","2017-04-20 16:37:36","2017-04-20 17:25:22",37,"f",5,4,5
"68",68,"END","00068PUirF","uEnkOsalibdmf","dialect","WR",1,"male","transparent","2017-04-20 16:47:50","2017-04-20 17:47:30",46,"f",4,5,5
"69",69,"END","00069NKjRd","mukEblfdOsani","dialect","WR",1,"female","transparent","2017-04-20 16:54:45","2017-04-20 18:04:58",20,"m",5,4,5
"70",70,"END","00070UyDuT","nfiasduOkbElm","dialect","WR",0,"male","transparent","2017-04-20 17:09:27","2017-04-20 17:39:41",44,"m",5,4,5
"71",71,"END","00071OzQZL","flnEskOmaduib","dialect","WR",0,"female","transparent","2017-04-20 17:12:38","2017-04-20 17:43:39",24,"f",5,5,5
"72",72,"END","00072AFIJp","ksilbdEfamOnu","dialect","RW",1,"male","transparent","2017-04-20 17:14:39","2017-04-20 17:48:44",36,"m",5,3,5
"73",73,"END","00073qcfGZ","lidksbmEfOnau","dialect","RW",1,"female","transparent","2017-04-20 17:20:15","2017-04-20 18:13:46",31,"m",5,5,5
"74",74,"R_TR1","","fkOsnlEmdbiau","dialect","RW",0,"male","transparent","2017-04-20 17:20:25","0000-00-00 00:00:00",34,"m",5,0,0
"75",75,"END","00075ODsGn","nEikbdauOsflm","dialect","RW",0,"female","transparent","2017-04-20 17:21:19","2017-04-20 18:03:01",39,"f",5,4,5
"76",76,"START","","sanbkOiflmdEu","dialect","WR",1,"male","transparent","2017-04-20 17:42:36","0000-00-00 00:00:00",0,"",0,0,0
"77",77,"END","00077lYrFT","EbmdfkulsiaOn","dialect","WR",1,"female","transparent","2017-04-20 17:47:36","2017-04-20 18:32:30",24,"m",5,1,5
"78",78,"START","","ksnfObmliaEud","dialect","WR",0,"male","transparent","2017-04-20 18:38:05","0000-00-00 00:00:00",0,"",0,0,0
"79",79,"END","00079Xnzmx","OlnidbskEmfua","dialect","WR",0,"female","transparent","2017-04-20 19:23:56","2017-04-20 20:10:50",44,"f",5,5,5
"80",80,"START","","flmsiObkuEdan","standard","RW",1,"male","transparent","2017-04-22 11:31:47","0000-00-00 00:00:00",0,"",0,0,0
"81",81,"END","00081bSjeo","OsknmafEildub","standard","RW",1,"female","transparent","2017-04-25 16:34:04","2017-04-25 16:44:27",999,"o",1,5,5
"82",82,"START","","likfaduEmnObs","standard","RW",0,"male","transparent","2017-04-26 15:43:23","0000-00-00 00:00:00",0,"",0,0,0
"83",83,"EXPOSURE1","","skdnfmaOiuEbl","dialect","RW",0,"male","transparent","2017-04-26 15:43:58","0000-00-00 00:00:00",999,"o",5,0,0
"84",84,"START","","ElmbOufkasdin","standard","WR",1,"male","transparent","2017-04-26 15:44:50","0000-00-00 00:00:00",0,"",0,0,0
"85",85,"START","","skimdabfEluOn","dialect","WR",1,"male","transparent","2017-04-26 15:45:17","0000-00-00 00:00:00",0,"",0,0,0
"86",86,"START","","umkanflEbsOid","standard","WR",0,"male","transparent","2017-04-26 15:45:28","0000-00-00 00:00:00",0,"",0,0,0
"87",87,"START","","luEfkOmdisnba","dialect","WR",0,"male","transparent","2017-04-26 15:45:47","0000-00-00 00:00:00",0,"",0,0,0
"88",88,"EXPOSURE1","","bnlEmisuOfadk","standard","RW",1,"female","transparent","2017-04-26 15:46:05","0000-00-00 00:00:00",999,"o",5,0,0
"89",89,"END","00089HVcGS","EkdOlfmiunasb","dialect","RW",1,"female","transparent","2017-04-26 16:30:23","2017-04-26 17:49:57",30,"m",5,4,5
"90",90,"END","00090pkuZO","lfukmsaEdnbiO","standard","RW",0,"female","transparent","2017-04-26 17:13:07","2017-04-26 18:20:09",24,"m",5,5,5
"91",91,"END","00091gTVFB","dukElsbmOafni","dialect","RW",0,"female","transparent","2017-04-26 17:25:07","2017-04-26 18:34:05",59,"m",5,3,5
"92",92,"END","00092JEOtS","OmdnEikuasbfl","standard","WR",1,"female","transparent","2017-04-26 17:38:46","2017-04-26 18:29:01",29,"m",5,3,5
"93",93,"END","00093ZFXjA","ubfamldkEsOin","dialect","WR",1,"female","transparent","2017-04-26 17:55:54","2017-04-26 19:04:49",50,"m",5,5,5
"94",94,"END","00094ktwap","snkaElmdfbOui","standard","WR",0,"female","transparent","2017-04-26 18:13:07","2017-04-26 18:58:12",33,"m",5,4,5
"95",95,"END","00095AiqBb","OEmflskunadbi","dialect","WR",0,"female","transparent","2017-04-26 19:41:45","2017-04-26 20:30:23",49,"f",5,5,5
"96",96,"END","00096pnjyI","dafiOEsbnkuml","standard","RW",1,"male","transparent","2017-04-26 20:45:23","2017-04-26 21:31:11",40,"f",5,1,4
"97",97,"END","00097iMwpR","kOniEbldfausm","dialect","RW",1,"male","transparent","2017-04-26 22:17:25","2017-04-26 23:44:28",26,"m",5,4,5
"98",98,"START","","nfkmlbiaduEsO","standard","RW",0,"male","transparent","2017-04-27 03:06:06","0000-00-00 00:00:00",0,"",0,0,0
"99",99,"START","","ulOkifEmdansb","dialect","RW",0,"male","transparent","2017-04-27 03:06:06","0000-00-00 00:00:00",0,"",0,0,0
"100",100,"END","00100IDTML","libnkmEfusaOd","standard","WR",1,"male","transparent","2017-04-27 16:59:29","2017-04-27 17:27:49",37,"f",5,5,5
"101",101,"END","00101XxsQD","EnmilakbfsudO","dialect","WR",1,"male","transparent","2017-04-27 17:01:49","2017-04-27 18:04:26",33,"m",5,5,5
"102",102,"END","00102zCZwv","umkbladsOiEfn","standard","WR",0,"male","transparent","2017-04-27 17:03:30","2017-04-27 18:38:53",27,"m",4,5,5
"103",103,"END","00103WFHLu","bnmOfuaksdlEi","dialect","WR",0,"male","transparent","2017-04-27 17:03:38","2017-04-27 18:00:36",43,"f",5,5,5
"104",104,"END","00104VPJeM","ukElfOmanbisd","standard","RW",1,"female","transparent","2017-04-27 17:05:48","2017-04-27 18:06:43",26,"f",5,5,5
"105",105,"END","00105Fkyiu","nmsdElaiObkuf","dialect","RW",1,"female","transparent","2017-04-27 17:22:56","2017-04-27 18:31:28",30,"f",5,4,5
"106",106,"INSTR_R_TR1","","aidmOElkbnfus","standard","RW",0,"female","transparent","2017-04-27 17:26:08","0000-00-00 00:00:00",25,"m",5,0,0
"107",107,"END","00107EJKCn","mOklfunaEsidb","dialect","RW",0,"female","transparent","2017-04-27 17:27:48","2017-04-27 18:25:01",43,"f",5,4,4
"108",108,"END","00108xomhs","iEnkafdlObmus","standard","WR",1,"female","transparent","2017-04-27 17:28:39","2017-04-27 18:17:35",39,"f",5,1,5
"109",109,"SCRIPT","","nkbulidmsEaOf","dialect","WR",1,"female","transparent","2017-04-27 17:29:56","0000-00-00 00:00:00",24,"f",5,0,0
"110",110,"END","00110tLGcv","bidOuslnEmfak","standard","WR",0,"female","transparent","2017-04-27 17:37:06","2017-04-27 19:49:32",28,"f",5,4,3
"111",111,"DEMOGRAPHICS","","ndsEiabmOlfku","dialect","WR",0,"female","transparent","2017-04-27 17:44:44","0000-00-00 00:00:00",0,"",0,0,0
"112",112,"END","00112sCqyP","iafnmusldOkEb","standard","RW",1,"male","transparent","2017-04-27 17:47:07","2017-04-27 19:21:44",23,"m",4,4,5
"113",113,"END","00113MIXqv","nbEmOuiaklsfd","dialect","RW",1,"male","transparent","2017-04-27 17:56:29","2017-04-27 18:56:36",34,"m",5,5,5
"114",114,"R_TR1","","sEmadknibulfO","standard","RW",0,"male","transparent","2017-04-27 18:05:33","0000-00-00 00:00:00",28,"f",5,0,0
"115",115,"END","00115uBWIE","mnfbaOudlikEs","dialect","RW",0,"male","transparent","2017-04-27 18:13:34","2017-04-27 19:01:10",37,"m",5,5,4
"116",116,"SCRIPT","","kbfisOdEmnlua","standard","WR",1,"male","transparent","2017-04-27 18:18:29","0000-00-00 00:00:00",28,"m",3,0,0
"117",117,"END","00117HBJUj","findOuEmalbsk","dialect","WR",1,"male","transparent","2017-04-27 18:33:01","2017-04-27 19:21:30",29,"m",5,5,5
"118",118,"END","00118wqTpN","ksaldibEnfOmu","standard","WR",0,"male","transparent","2017-04-27 18:46:17","2017-04-27 19:21:20",24,"m",5,3,5
"119",119,"DEMOGRAPHICS","","OlfEibmdnkuas","dialect","WR",0,"male","transparent","2017-04-27 19:03:52","0000-00-00 00:00:00",0,"",0,0,0
"120",120,"R_TR1","","ldankmsfEOubi","standard","RW",1,"female","transparent","2017-04-27 19:05:28","0000-00-00 00:00:00",43,"m",5,0,0
"121",121,"END","00121eXBNi","nkOliuaEbsdmf","dialect","RW",1,"female","transparent","2017-04-27 19:12:40","2017-04-27 21:00:33",29,"f",5,5,5
"122",122,"END","00122emXPU","uEisbadkOfmnl","standard","RW",0,"female","transparent","2017-04-27 19:20:07","2017-04-27 20:27:07",32,"m",5,4,5
"123",123,"END","00123XUxGw","sanbdlufikEOm","dialect","RW",0,"female","transparent","2017-04-27 19:39:29","2017-04-27 20:42:37",59,"f",5,5,5
"124",124,"SCRIPT","","nisblamkuEdOf","standard","WR",1,"female","transparent","2017-04-27 19:40:17","0000-00-00 00:00:00",54,"m",5,0,0
"125",125,"END","00125GSCFf","nEfdbOsakmuli","dialect","WR",1,"female","transparent","2017-04-27 19:49:06","2017-04-27 21:03:34",30,"m",5,5,5
"126",126,"EXPOSURE1","","bnOslEdikaufm","standard","WR",0,"female","transparent","2017-04-27 19:57:28","0000-00-00 00:00:00",30,"m",5,0,0
"127",127,"END","00127XnuGR","uaknEbiOlfsmd","dialect","WR",0,"female","transparent","2017-04-27 20:00:41","2017-04-27 21:24:17",30,"m",5,3,5
"128",128,"END","00128rFvhZ","mldOEnkubsifa","standard","RW",1,"male","transparent","2017-04-27 20:10:22","2017-04-27 21:21:19",48,"f",5,5,5
"129",129,"END","00129TLcGR","akEdlbinmOfsu","dialect","RW",1,"male","transparent","2017-04-27 20:11:15","2017-04-27 20:47:24",21,"f",5,1,5
"130",130,"EXPOSURE2","","niOsbdklmuEfa","standard","RW",0,"male","transparent","2017-04-27 20:17:37","0000-00-00 00:00:00",35,"f",4,0,0
"131",131,"START","","ukEOlsdanimfb","dialect","RW",0,"male","transparent","2017-04-27 20:21:23","0000-00-00 00:00:00",0,"",0,0,0
"132",132,"END","00132wRKsW","aidkEnfsOlmbu","standard","WR",1,"male","transparent","2017-04-27 20:40:15","2017-04-27 22:09:50",23,"m",5,5,5
"133",133,"END","00133eoKCR","mbkluidEaOsnf","dialect","WR",1,"male","transparent","2017-04-27 20:42:00","2017-04-27 22:01:31",30,"m",5,4,4
"134",134,"END","00134bMZaj","aibkOmusdEfln","standard","WR",0,"male","transparent","2017-04-27 20:55:44","2017-04-27 21:42:11",38,"f",5,5,4
"135",135,"END","00135bPvit","dfsOnubkmialE","dialect","WR",0,"male","transparent","2017-04-27 21:06:55","2017-04-27 21:44:38",25,"m",5,5,5
"136",136,"END","00136NHtmV","fkOsbaudmniEl","standard","RW",1,"female","transparent","2017-04-27 21:56:16","2017-04-27 22:58:08",31,"m",5,4,4
"137",137,"DEMOGRAPHICS","","sniukfOamEldb","dialect","RW",1,"female","transparent","2017-04-27 22:23:21","0000-00-00 00:00:00",0,"",0,0,0
"138",138,"R_TR1","","bsdnlkEufiOma","standard","RW",0,"female","transparent","2017-04-27 22:33:32","0000-00-00 00:00:00",26,"m",5,0,0
"139",139,"END","00139LSatT","lEbmnOdkuaifs","dialect","RW",0,"female","transparent","2017-04-27 22:45:24","2017-04-27 23:58:55",33,"m",5,4,5
"140",140,"START","","lEakdinsumfbO","standard","WR",1,"female","transparent","2017-04-27 22:54:55","0000-00-00 00:00:00",0,"",0,0,0
"141",141,"END","00141kNlOu","sdiOmubklfEan","dialect","WR",1,"female","transparent","2017-04-27 23:12:22","2017-04-28 00:15:03",28,"m",5,5,5
"142",142,"END","00142HJXLz","lumOksaidEbfn","standard","WR",0,"female","transparent","2017-04-28 00:23:39","2017-04-28 01:48:49",43,"f",5,4,4
"143",143,"END","00143FcwNd","mEskfualbOdni","dialect","WR",0,"female","transparent","2017-04-28 01:07:14","2017-04-28 02:10:58",51,"m",5,5,5
"144",144,"EXPOSURE1","","lbsEufnaikmdO","standard","RW",1,"male","transparent","2017-04-28 01:27:59","0000-00-00 00:00:00",51,"m",5,0,0
"145",145,"START","","ldnfaEOiubmsk","dialect","RW",1,"male","transparent","2017-04-28 17:36:47","0000-00-00 00:00:00",0,"",0,0,0
"146",146,"W_TR1","","niEaldOsfmbku","dialect","RW",0,"male","transparent","2017-05-01 13:02:48","0000-00-00 00:00:00",999,"o",1,0,0
"147",147,"END","00147mDLqO","lfkdabiEusnOm","dialect","RW",0,"male","transparent","2017-05-01 13:24:05","2017-05-01 14:57:29",48,"f",5,4,5
"148",148,"END","00148wBDqo","lfamuibEksdOn","dialect","RW",0,"male","transparent","2017-05-01 13:50:45","2017-05-01 14:49:33",39,"f",5,4,5
"149",149,"SCRIPT","","knsiafmbuEOdl","dialect","RW",0,"male","transparent","2017-05-01 14:00:52","0000-00-00 00:00:00",24,"m",5,0,0
"150",150,"EXPOSURE1","","ldOimsubkaEnf","dialect","RW",0,"male","transparent","2017-05-01 14:18:29","0000-00-00 00:00:00",42,"m",5,0,0
"151",151,"END","00151NICET","nuambilfEdkOs","dialect","RW",0,"male","transparent","2017-05-01 14:42:52","2017-05-01 15:46:12",29,"f",5,4,5
"152",152,"END","00152asqup","snEubkdaOmfli","dialect","RW",0,"male","transparent","2017-05-01 15:54:16","2017-05-01 16:55:12",54,"f",5,5,5
"153",153,"END","00153oXvpU","kuaOisblfdnmE","dialect","RW",0,"male","transparent","2017-05-01 16:06:59","2017-05-01 17:12:11",42,"f",5,4,5
"154",154,"R_TR1","","dOkmnisbafluE","dialect","RW",0,"male","transparent","2017-05-01 16:13:57","0000-00-00 00:00:00",45,"m",5,0,0
"155",155,"END","00155XHiBv","EsinkubldmaOf","dialect","RW",0,"male","transparent","2017-05-01 16:27:26","2017-05-01 17:14:59",27,"m",5,5,5
"156",156,"START","","infOublsdaEkm","standard","WR",1,"female","transparent","2017-05-01 22:16:47","0000-00-00 00:00:00",0,"",0,0,0
"157",157,"END","00157kfrjP","mEbisndualfkO","standard","WR",1,"female","transparent","2017-05-02 17:02:51","2017-05-02 18:12:24",36,"m",5,5,4
"158",158,"END","00158rlFqH","lkOEnabfiudsm","standard","WR",1,"female","transparent","2017-05-02 17:21:20","2017-05-02 18:07:31",28,"m",5,4,5
"159",159,"END","00159BWjiU","dnEukfsOlmbai","standard","WR",1,"female","transparent","2017-05-02 18:59:09","2017-05-02 20:00:28",26,"m",5,3,5
"160",160,"END","00160dChpn","nfOsEadmbiulk","standard","WR",1,"female","transparent","2017-05-02 20:53:14","2017-05-02 21:39:25",25,"m",5,4,3
"161",161,"R_TR1","","abukEdmflsinO","standard","RW",0,"male","transparent","2017-05-03 14:29:53","0000-00-00 00:00:00",38,"m",5,0,0
"162",162,"END","00162GhmcA","bidOalknfsuEm","standard","RW",0,"male","transparent","2017-05-03 14:32:03","2017-05-03 15:21:04",63,"f",5,5,5
"163",163,"END","00163taHSY","dukEiOnfsbmla","standard","RW",0,"male","transparent","2017-05-03 15:56:34","2017-05-03 16:47:18",38,"m",5,3,4
"164",164,"END","00164Nqarb","EmnbadilfsukO","standard","RW",0,"male","transparent","2017-05-03 16:02:58","2017-05-03 16:51:25",30,"m",5,3,5
"165",165,"END","00165wkzcP","EuafbilnsmkdO","standard","RW",0,"male","transparent","2017-05-03 16:48:23","2017-05-03 18:30:03",40,"m",5,5,5
"166",166,"END","00166mtSdU","uOdEnblksmfia","standard","RW",1,"female","transparent","2017-05-04 14:37:28","2017-05-04 15:29:13",29,"f",5,4,5
"167",167,"END","00167SIjUi","mabunikfdlOEs","standard","RW",1,"female","transparent","2017-05-04 15:21:13","2017-05-04 16:40:31",28,"m",5,4,5
"168",168,"END","00168pERrx","unfidakEmlOsb","standard","RW",1,"female","transparent","2017-05-04 17:24:04","2017-05-04 18:38:54",40,"m",5,5,5
"169",169,"END","00169RxZcP","saidnkuOfmbEl","dialect","WR",0,"male","transparent","2017-05-08 16:49:23","2017-05-08 18:02:48",33,"m",5,5,5
"170",170,"END","00170vznOY","mkEnsOblaiudf","dialect","WR",0,"male","transparent","2017-05-08 17:03:32","2017-05-08 17:55:28",29,"m",5,4,5
"171",171,"INSTR_SCRIPT","","kfEbmluOnsaid","dialect","WR",0,"male","transparent","2017-05-08 19:08:04","0000-00-00 00:00:00",33,"m",3,0,0
"172",172,"R_TR1","","mbdOisaknlfuE","dialect","WR",0,"male","transparent","2017-05-08 22:00:16","0000-00-00 00:00:00",37,"m",5,0,0
"173",173,"DEMOGRAPHICS","","msfOEandlbuki","dialect","WR",1,"female","transparent","2017-05-09 00:11:58","0000-00-00 00:00:00",0,"",0,0,0
"174",174,"END","00174HQoWy","EnOmfaudiksbl","dialect","WR",0,"male","transparent","2017-05-09 08:46:00","2017-05-09 11:22:37",35,"m",5,4,4
"175",175,"W_TEST","","OfalmEkdbsnui","standard","WR",1,"male","transparent","2017-05-09 12:36:04","0000-00-00 00:00:00",25,"f",5,0,0
"176",176,"END","00176rCjGZ","kOfdimlsnuEab","standard","WR",1,"male","transparent","2017-05-09 13:06:12","2017-05-09 13:43:13",38,"m",5,5,5
"177",177,"END","00177bltBT","mlbEafudOksin","standard","WR",1,"male","transparent","2017-05-09 17:19:03","2017-05-09 18:25:28",23,"o",5,5,5
"178",178,"END","00178fqCMX","OElsdkiamunfb","standard","WR",1,"male","transparent","2017-05-09 18:15:15","2017-05-09 19:44:42",45,"f",5,4,5
"179",179,"END","00179baxfu","linuEaksfOdbm","standard","RW",1,"male","transparent","2017-05-12 09:13:19","2017-05-12 10:33:26",22,"m",5,5,5
"180",180,"END","00180AzgwD","bmEslkOdifnua","standard","RW",1,"male","transparent","2017-05-12 12:25:08","2017-05-12 13:30:42",42,"m",5,4,5
"181",181,"END","00181LaIQx","ObdaifsunkmlE","dialect","WR",1,"male","transparent","2017-05-12 15:25:13","2017-05-12 17:30:32",33,"m",4,1,5
"182",182,"W_TEST","","kfsnEubOladim","dialect","WR",1,"male","transparent","2017-05-12 18:48:40","0000-00-00 00:00:00",32,"m",5,0,0
"183",183,"START","","kiOubEdamslfn","dialect","WR",0,"male","transparent","2017-05-12 19:22:46","0000-00-00 00:00:00",0,"",0,0,0
"184",184,"EXPOSURE1","","dOikamnfbuEsl","standard","RW",1,"female","transparent","2017-05-12 19:22:55","0000-00-00 00:00:00",32,"f",5,0,0
"185",185,"END","00185hGNuV","snufElOiabdkm","dialect","WR",1,"male","transparent","2017-05-12 21:20:54","2017-05-12 22:24:59",36,"f",5,5,5
"186",186,"EXPOSURE3","","OdnsimbluakfE","dialect","WR",1,"female","transparent","2017-05-15 13:27:09","0000-00-00 00:00:00",54,"f",5,0,0
"187",187,"END","00187XkIoy","fisEdluaknmOb","dialect","WR",1,"female","transparent","2017-05-15 14:47:40","2017-05-15 16:02:10",38,"f",5,5,5
"188",188,"END","00188wQWuV","EduskaiOfmlbn","standard","RW",0,"female","transparent","2017-05-15 17:56:36","2017-05-15 19:28:38",59,"m",5,5,5
"189",189,"R_TR1","","mnsiEbkOdulfa","standard","WR",0,"female","transparent","2017-05-16 13:04:32","0000-00-00 00:00:00",27,"m",5,0,0
"190",190,"R_TR1","","uEafibsOldnmk","standard","WR",0,"female","transparent","2017-05-16 13:26:51","0000-00-00 00:00:00",26,"f",5,0,0
"191",191,"END","00191fbvOZ","uibOlEakmdnfs","standard","WR",0,"female","transparent","2017-05-16 16:52:50","2017-05-16 18:52:54",51,"f",5,4,4
"192",192,"END","00192QxRlm","idaOublkmnEfs","dialect","RW",1,"female","transparent","2017-05-16 20:08:10","2017-05-16 20:57:24",54,"f",5,4,4
"193",193,"START","","slnEdambikuOf","dialect","RW",1,"male","transparent","2017-05-17 01:57:44","0000-00-00 00:00:00",0,"",0,0,0
"194",194,"END","00194MhNTU","uOnbfikEdlasm","dialect","RW",1,"male","transparent","2017-05-17 15:14:43","2017-05-17 16:04:21",30,"f",5,4,4
"195",195,"START","","dufanisOmblEk","dialect","RW",0,"male","transparent","2017-05-20 01:02:59","0000-00-00 00:00:00",0,"",0,0,0
"196",196,"R_TR1","","iadOunbmlkfEs","standard","WR",1,"male","opaque","2017-06-08 15:39:16","0000-00-00 00:00:00",999,"o",5,0,0
"197",197,"END","00197onbks","knalufbOidmsE","dialect","WR",1,"male","opaque","2017-06-08 15:47:34","2017-06-08 16:35:57",999,"o",5,4,5
"198",198,"DEMOGRAPHICS","","badluiOfkEmsn","standard","WR",0,"male","transparent","2017-06-14 16:02:13","0000-00-00 00:00:00",0,"",0,0,0
"199",199,"INSTR_EXPOSURE2","","biduEkmsaOfnl","dialect","WR",0,"male","opaque","2017-06-20 12:04:20","0000-00-00 00:00:00",999,"f",5,0,0
"200",200,"END","00200cVejo","akdOnbmfEsilu","dialect","RW",1,"male","opaque","2017-06-20 15:35:20","2017-06-20 16:06:33",22,"f",5,4,4
"201",201,"END","00201ZVYIQ","lEmdiaufOsnkb","dialect","RW",1,"male","opaque","2017-06-20 15:44:06","2017-06-20 16:32:10",24,"m",5,2,5
"202",202,"SCRIPT","","liunOEafbkdsm","dialect","RW",1,"male","opaque","2017-06-20 16:25:10","0000-00-00 00:00:00",21,"m",5,0,0
"203",203,"SCRIPT","","umsdkEflinbaO","dialect","RW",1,"male","opaque","2017-06-20 16:31:21","0000-00-00 00:00:00",25,"m",5,0,0
"204",204,"SCRIPT","","aOEkbldufmsni","dialect","RW",1,"male","opaque","2017-06-20 16:41:08","0000-00-00 00:00:00",25,"m",5,0,0
"205",205,"SCRIPT","","badsmOnfuEilk","dialect","RW",1,"male","opaque","2017-06-20 16:45:17","0000-00-00 00:00:00",25,"m",3,0,0
"206",206,"END","00206ZHVqQ","fkuEiObanlmsd","dialect","RW",1,"male","opaque","2017-06-20 16:45:40","2017-06-20 17:12:12",22,"m",5,3,5
"207",207,"END","00207sHQIT","flukidbnsOamE","dialect","RW",1,"male","opaque","2017-06-20 16:49:57","2017-06-20 17:52:42",33,"m",5,4,5
"208",208,"END","00208KxBpj","sluaOfikdbmnE","dialect","RW",1,"male","opaque","2017-06-20 17:26:02","2017-06-20 18:32:42",37,"f",5,1,5
"209",209,"END","00209AMQnw","ilfEkbnOsmdau","dialect","RW",1,"male","opaque","2017-06-20 17:47:25","2017-06-20 18:54:14",26,"m",3,5,5
"210",210,"END","00210KikSn","nlbsiEmfudakO","dialect","RW",1,"male","opaque","2017-06-20 17:51:26","2017-06-20 18:24:12",22,"m",5,1,5
"211",211,"SCRIPT","","fElmnuOsbkdai","dialect","RW",0,"male","opaque","2017-06-21 12:12:05","0000-00-00 00:00:00",999,"o",5,0,0
"212",212,"EXPOSURE1","","dmifbuOklaEns","standard","WR",1,"female","opaque","2017-06-21 12:14:30","0000-00-00 00:00:00",999,"o",5,0,0
"213",213,"END","00213oCAPi","kEnulOidbafms","standard","RW",1,"male","opaque","2017-06-22 10:04:39","2017-06-22 10:58:53",31,"m",5,5,5
"214",214,"END","00214WsoFx","iumEsflnakdbO","standard","RW",1,"male","opaque","2017-06-22 10:25:01","2017-06-22 11:38:46",25,"m",5,5,5
"215",215,"END","00215VNjgP","fnsakOlEumidb","standard","RW",1,"male","opaque","2017-06-22 11:22:11","2017-06-22 12:37:41",33,"m",5,5,4
"216",216,"START","","kabEsOmdnflui","standard","RW",1,"male","opaque","2017-06-22 13:08:01","0000-00-00 00:00:00",0,"",0,0,0
"217",217,"END","00217ZcQLe","dblEauimkOnfs","standard","RW",1,"male","opaque","2017-06-22 13:09:21","2017-06-22 14:21:52",44,"m",5,5,5
"218",218,"END","00218rFDWO","ubsEadliOmnfk","standard","RW",1,"male","opaque","2017-06-22 13:14:44","2017-06-22 15:36:08",23,"m",4,2,5
"219",219,"END","00219xjwlk","kfaEbusimOndl","standard","RW",1,"male","opaque","2017-06-22 14:06:02","2017-06-22 15:34:45",33,"m",4,4,4
"220",220,"END","00220DjAQv","uOdmsnbilEafk","standard","RW",1,"male","opaque","2017-06-22 15:25:20","2017-06-22 16:18:01",42,"m",5,3,4
"221",221,"W_TR1","","liuakbnsOmfEd","dialect","WR",1,"male","opaque","2017-06-22 21:16:40","0000-00-00 00:00:00",27,"m",5,0,0
"222",222,"END","00222ykWmU","dOfksmlEanbui","dialect","WR",1,"male","opaque","2017-06-22 22:01:06","2017-06-22 22:49:03",51,"f",5,1,5
"223",223,"END","00223DVQIx","falimdbuOnksE","dialect","WR",1,"male","opaque","2017-06-22 22:01:32","2017-06-22 23:11:12",49,"f",5,5,5
"224",224,"END","00224SVCUZ","sObnilkmuadfE","dialect","WR",1,"male","opaque","2017-06-22 22:21:02","2017-06-22 23:58:45",26,"m",5,4,5
"225",225,"END","00225VYreh","idukfnsElbmaO","dialect","WR",1,"male","opaque","2017-06-22 23:10:15","2017-06-23 00:34:08",33,"m",5,5,5
"226",226,"START","","mubOlsfEadink","standard","RW",0,"male","transparent","2017-06-22 23:59:38","0000-00-00 00:00:00",0,"",0,0,0
"227",227,"END","00227gwRzF","fiEsOnlkbuamd","dialect","WR",1,"male","opaque","2017-06-23 00:49:19","2017-06-23 01:55:23",28,"m",5,3,5
"228",228,"END","00228ATDaZ","nkmldasifuObE","dialect","WR",1,"male","opaque","2017-06-23 01:50:50","2017-06-23 03:04:00",20,"f",5,4,5
"229",229,"END","00229BVIla","nfiksuaEmObdl","dialect","WR",1,"male","opaque","2017-06-23 02:23:09","2017-06-23 03:45:06",68,"f",5,5,5
"230",230,"START","","EsbfaulkndmiO","standard","WR",0,"male","transparent","2017-06-23 03:25:50","0000-00-00 00:00:00",0,"",0,0,0
"231",231,"R_TR1","","knEbfuasdOmil","standard","WR",1,"male","opaque","2017-06-23 09:45:11","0000-00-00 00:00:00",34,"m",5,0,0
"232",232,"END","00232YEnPm","EdfsibOluakmn","standard","WR",1,"male","opaque","2017-06-23 10:04:19","2017-06-23 13:27:12",29,"m",4,4,5
"233",233,"SCRIPT","","nabmEfdOsukli","standard","WR",1,"male","opaque","2017-06-23 10:20:38","0000-00-00 00:00:00",26,"m",5,0,0
"234",234,"END","00234agZiL","EmfsOnukiblda","standard","WR",1,"male","opaque","2017-06-23 10:26:26","2017-06-23 10:54:58",26,"m",5,4,5
"235",235,"END","00235pcelA","abOkimEulfnsd","standard","WR",1,"male","opaque","2017-06-23 11:07:46","2017-06-23 11:56:12",41,"f",5,5,5
"236",236,"END","00236tgPsI","dfubsakElnOmi","standard","WR",1,"male","opaque","2017-06-23 12:56:41","2017-06-23 14:14:36",29,"m",5,5,5
"237",237,"END","00237OdenP","dfuOmEnbiksal","standard","WR",1,"male","opaque","2017-06-23 12:57:00","2017-06-23 14:07:58",32,"m",4,2,5
"238",238,"R_TR1","","smaduOflibEkn","standard","WR",1,"male","opaque","2017-06-23 13:13:36","0000-00-00 00:00:00",25,"f",5,0,0
"239",239,"DEMOGRAPHICS","","mnulsfdOikbaE","standard","WR",1,"male","opaque","2017-06-23 13:28:13","0000-00-00 00:00:00",0,"",0,0,0
"240",240,"END","00240fEpGW","bilfmOnEkdsau","standard","WR",1,"male","opaque","2017-06-23 14:10:03","2017-06-23 18:21:22",37,"m",3,5,5
"241",241,"END","00241wMGvm","fnilEOsdkaubm","standard","WR",1,"male","opaque","2017-06-23 14:13:07","2017-06-23 15:15:48",27,"m",5,5,5
"242",242,"EXPOSURE1","","klnfOdaEuismb","standard","WR",1,"male","opaque","2017-06-23 14:30:08","0000-00-00 00:00:00",25,"f",5,0,0
"243",243,"END","00243GDadc","OsmnEkfldauib","standard","WR",1,"male","opaque","2017-06-23 15:54:40","2017-06-23 16:21:55",42,"f",5,4,5
"244",244,"START","","msduaEniObflk","dialect","RW",1,"female","opaque","2017-06-24 09:25:58","0000-00-00 00:00:00",0,"",0,0,0
"245",245,"END","00245cLIzu","EsaidmlnfbkuO","dialect","RW",1,"female","opaque","2017-06-24 09:26:23","2017-06-24 10:24:44",28,"f",5,5,5
"246",246,"END","00246dtHhU","dnlfuEmksaibO","dialect","RW",1,"female","opaque","2017-06-24 09:27:36","2017-06-24 10:45:36",46,"m",5,5,5
"247",247,"END","00247imHMl","baiufmsnklEdO","dialect","RW",1,"female","opaque","2017-06-24 09:48:02","2017-06-24 11:15:32",20,"m",3,4,4
"248",248,"END","00248wNJqB","fskdalEnbOuim","dialect","RW",1,"female","opaque","2017-06-24 11:09:37","2017-06-24 14:45:27",35,"m",3,2,5
"249",249,"END","00249tQbvV","dbEOaslfimunk","dialect","RW",1,"female","opaque","2017-06-24 12:13:54","2017-06-24 13:50:07",29,"m",3,5,4
"250",250,"W_TR1","","lEmikObdsfanu","dialect","RW",1,"female","opaque","2017-06-24 15:36:18","0000-00-00 00:00:00",30,"m",5,0,0
"251",251,"END","00251muZhs","ismfbkduEnlaO","dialect","RW",1,"female","opaque","2017-06-24 15:59:05","2017-06-24 17:14:15",34,"f",5,4,4
"252",252,"END","00252VDeJd","snEimlfOukbda","dialect","RW",1,"female","opaque","2017-06-24 22:05:25","2017-06-24 23:58:11",37,"f",5,4,5
"253",253,"END","00253TXgOa","nubsdEaOilkfm","standard","RW",1,"female","opaque","2017-06-25 09:45:02","2017-06-25 12:08:23",46,"m",5,4,4
"254",254,"R_TR1","","ndabmksifulEO","standard","RW",1,"female","opaque","2017-06-25 09:51:01","0000-00-00 00:00:00",32,"m",4,0,0
"255",255,"END","00255zyLoI","ElibumsadfOnk","standard","RW",1,"female","opaque","2017-06-25 10:19:42","2017-06-25 10:56:36",23,"m",5,5,5
"256",256,"END","00256jIVlW","abnimEfkdulsO","standard","RW",1,"female","opaque","2017-06-25 13:31:14","2017-06-25 14:26:53",45,"f",5,4,5
"257",257,"END","00257sXDhO","ndbfEkauOislm","standard","RW",1,"female","opaque","2017-06-25 13:47:00","2017-06-25 14:46:03",46,"m",5,5,5
"258",258,"W_TR1","","alEOdnmuksibf","standard","RW",1,"female","opaque","2017-06-25 15:08:15","0000-00-00 00:00:00",34,"f",5,0,0
"259",259,"END","00259zDkMr","sklmnEiOafdub","standard","RW",1,"female","opaque","2017-06-25 16:05:57","2017-06-25 16:40:36",27,"m",5,3,5
"260",260,"END","00260JNRGV","iOdabnfmEuskl","standard","RW",1,"female","opaque","2017-06-25 16:57:27","2017-06-25 18:36:12",28,"m",5,2,5
"261",261,"END","00261wlCep","EbnmukOfiadls","dialect","WR",1,"male","transparent","2017-06-25 17:19:05","2017-06-25 21:21:02",50,"f",5,4,5
"262",262,"INSTR_EXPOSURE1","","dOlkunmbEsafi","dialect","WR",1,"female","opaque","2017-06-28 14:02:45","0000-00-00 00:00:00",35,"m",5,0,0
"263",263,"SCRIPT","","lfksbuimanEdO","dialect","WR",1,"female","opaque","2017-06-28 14:07:11","0000-00-00 00:00:00",36,"f",5,0,0
"264",264,"END","00264diXyr","liafnEdbuOmks","dialect","WR",1,"female","opaque","2017-06-28 14:10:55","2017-06-28 15:24:30",27,"m",5,4,4
"265",265,"END","00265AkHoq","kfsmunbOdaEli","dialect","WR",1,"female","opaque","2017-06-28 14:42:01","2017-06-28 16:20:09",23,"m",5,4,4
"266",266,"END","00266MwtSK","mausEbkOdnlif","dialect","WR",1,"female","opaque","2017-06-28 14:44:03","2017-06-28 16:04:03",58,"f",5,3,5
"267",267,"END","00267MeBDL","binulfdOsEmak","dialect","WR",1,"female","opaque","2017-06-28 15:14:58","2017-06-28 17:07:06",44,"m",5,4,5
"268",268,"END","00268ixpTh","smbunOflEakid","dialect","WR",1,"female","opaque","2017-06-28 15:21:59","2017-06-28 16:42:40",35,"m",5,4,5
"269",269,"END","00269YEUAd","nsbluimOkEfda","dialect","WR",1,"female","opaque","2017-06-28 16:09:14","2017-06-28 17:41:59",33,"m",5,5,5
"270",270,"END","00270JaoWI","fsEdkiOnamblu","dialect","WR",1,"female","opaque","2017-06-28 20:41:36","2017-06-28 22:09:33",53,"f",4,3,5
"271",271,"INSTR_W_TR1","","kbusidaOnflmE","standard","WR",1,"female","opaque","2017-06-29 16:30:30","0000-00-00 00:00:00",26,"f",5,0,0
"272",272,"END","00272HfilL","ulfbOkdEianms","standard","WR",1,"female","opaque","2017-06-29 16:30:51","2017-06-29 17:43:39",35,"m",5,5,5
"273",273,"END","00273kVfgb","fimaduklbEOns","standard","WR",1,"female","opaque","2017-06-29 16:50:11","2017-06-29 17:39:45",38,"m",5,2,5
"274",274,"R_TR1","","falkEundimsOb","standard","WR",1,"female","opaque","2017-06-29 17:30:01","0000-00-00 00:00:00",30,"f",5,0,0
"275",275,"DEMOGRAPHICS","","duklnsEfmaiOb","dialect","RW",0,"male","opaque","2017-06-29 17:48:05","0000-00-00 00:00:00",0,"",0,0,0
"276",276,"END","00276lRYto","EuOlbidfsnmak","standard","WR",1,"female","opaque","2017-06-29 18:29:37","2017-06-29 18:56:14",38,"f",5,5,5
"277",277,"END","00277WwVZv","lamnbifdEuOks","standard","WR",1,"female","opaque","2017-06-29 18:48:53","2017-06-29 19:38:22",27,"m",5,5,5
"278",278,"END","00278TCKnY","lEmifdOabnusk","standard","WR",1,"female","opaque","2017-06-29 19:58:22","2017-06-29 20:41:42",36,"f",5,5,5
"279",279,"END","00279soqJX","fEkduaOlmnbis","standard","WR",1,"female","opaque","2017-06-29 22:27:14","2017-06-29 22:50:36",29,"m",5,5,5
"280",280,"END","00280vtowW","lukmdaEfnisOb","standard","WR",1,"female","opaque","2017-06-29 22:30:38","2017-06-29 23:41:19",21,"m",5,4,4
"281",281,"END","00281JWart","lidufOabmEskn","dialect","RW",0,"male","opaque","2017-06-30 09:42:44","2017-06-30 11:43:50",27,"m",3,2,5
"282",282,"START","","kansidOlubfEm","dialect","RW",0,"male","opaque","2017-06-30 09:45:20","0000-00-00 00:00:00",0,"",0,0,0
"283",283,"R_TR2","","ulsbkfiEOanmd","dialect","RW",0,"male","opaque","2017-06-30 10:05:00","0000-00-00 00:00:00",34,"m",4,0,0
"284",284,"END","00284efyTB","dbfisOklunamE","dialect","RW",0,"male","opaque","2017-06-30 13:40:09","2017-06-30 16:02:38",34,"f",5,4,5
"285",285,"END","00285SuWiB","OdnskafmbEiul","dialect","RW",0,"male","opaque","2017-06-30 13:55:21","2017-06-30 14:58:37",29,"m",5,5,5
"286",286,"END","00286FLpVN","uEnOimsldfakb","dialect","RW",0,"male","opaque","2017-06-30 14:31:18","2017-06-30 15:35:40",53,"f",5,4,4
"287",287,"END","00287lLMnd","fusOibdlkmaEn","dialect","RW",0,"male","opaque","2017-06-30 16:05:33","2017-06-30 17:24:08",43,"f",5,4,5
"288",288,"END","00288faljQ","ifdOsEulnmbka","dialect","RW",0,"male","opaque","2017-06-30 18:52:15","2017-06-30 19:59:12",42,"f",5,5,5
"289",289,"START","","OdamfbsEinukl","dialect","RW",1,"male","transparent","2017-06-30 20:11:06","0000-00-00 00:00:00",0,"",0,0,0
"290",290,"END","00290otrRl","biOnkdEuamlfs","dialect","RW",0,"male","opaque","2017-06-30 20:21:52","2017-06-30 21:49:35",34,"f",5,3,5
"291",291,"END","00291MkJcw","dklEsaimObunf","standard","RW",0,"male","opaque","2017-07-01 11:10:11","2017-07-01 11:51:47",25,"m",4,4,5
"292",292,"INSTR_EXPOSURE1","","lksOfmdiuEabn","standard","RW",0,"male","opaque","2017-07-01 11:58:34","0000-00-00 00:00:00",25,"f",5,0,0
"293",293,"END","00293TuCAq","EumbldfOinska","standard","RW",0,"male","opaque","2017-07-01 12:03:14","2017-07-01 13:05:54",25,"f",5,5,5
"294",294,"END","00294xyVmA","misOfEnduablk","standard","RW",0,"male","opaque","2017-07-01 12:29:48","2017-07-01 13:33:54",33,"m",5,5,5
"295",295,"END","00295kying","nkufmOEasilbd","standard","RW",0,"male","opaque","2017-07-01 14:57:11","2017-07-01 18:11:44",30,"m",4,4,5
"296",296,"END","00296pVTcE","OmdnEafbsklui","standard","RW",0,"male","opaque","2017-07-01 19:18:39","2017-07-01 20:35:28",38,"f",5,1,5
"297",297,"END","00297WwbEn","EsOuknlmfdiab","standard","RW",0,"male","opaque","2017-07-01 20:45:46","2017-07-01 21:42:34",28,"m",5,5,5
"298",298,"R_TR2","","mudlkEbsfiaOn","dialect","WR",0,"male","opaque","2017-07-02 11:46:38","0000-00-00 00:00:00",53,"m",5,0,0
"299",299,"END","00299rBSNi","iuEfkadsOmlbn","dialect","WR",0,"male","opaque","2017-07-02 11:47:53","2017-07-02 13:47:54",23,"m",5,4,4
"300",300,"END","00300lYoUH","nklausEidmOfb","dialect","WR",0,"male","opaque","2017-07-02 12:12:00","2017-07-02 13:01:54",25,"f",5,5,5
"301",301,"SCRIPT","","bmfiEndalOksu","dialect","WR",0,"male","opaque","2017-07-02 12:42:50","0000-00-00 00:00:00",22,"m",5,0,0
"302",302,"END","00302ahPYI","snafbEuOilmdk","dialect","WR",0,"male","opaque","2017-07-02 13:26:07","2017-07-02 15:45:04",24,"f",5,5,5
"303",303,"END","00303tlagC","isbfuamdlOnkE","dialect","WR",0,"male","opaque","2017-07-02 15:05:54","2017-07-02 16:50:12",33,"m",5,3,3
"304",304,"END","00304lAvcs","afbEmkldsOniu","dialect","WR",0,"male","opaque","2017-07-02 15:47:19","2017-07-02 16:08:45",33,"m",5,4,4
"305",305,"END","00305VtrQM","bdumsOfEnakil","dialect","WR",0,"male","opaque","2017-07-02 16:03:12","2017-07-02 17:08:27",58,"m",5,4,5
"306",306,"END","00306sDUKN","EdabuiOflknms","dialect","WR",0,"male","opaque","2017-07-02 21:33:42","2017-07-02 22:50:54",31,"m",5,2,5
"307",307,"R_TR1","","lsOdkmuEnifba","standard","WR",0,"male","opaque","2017-07-03 10:56:47","0000-00-00 00:00:00",22,"m",5,0,0
"308",308,"END","00308EpCIv","kauimfsldEnbO","standard","WR",0,"male","opaque","2017-07-03 11:05:14","2017-07-03 12:01:01",28,"m",5,2,5
"309",309,"END","00309SOTfl","bslfamkunidEO","standard","WR",0,"male","opaque","2017-07-03 11:09:55","2017-07-03 12:23:30",31,"f",5,5,5
"310",310,"INSTR_R_TR1","","lsnEaibdfukmO","standard","WR",0,"male","opaque","2017-07-03 11:34:30","0000-00-00 00:00:00",22,"m",5,0,0
"311",311,"END","00311xmKev","uOmlsidkafEnb","standard","WR",0,"male","opaque","2017-07-03 11:56:26","2017-07-03 13:03:51",43,"m",5,5,5
"312",312,"END","00312YBGcW","aufsbkdnOiEml","standard","RW",0,"male","opaque","2017-07-03 12:06:05","2017-07-03 12:45:45",48,"m",5,4,5
"313",313,"START","","OnakisfEbmlud","dialect","RW",1,"female","opaque","2017-07-03 12:55:15","0000-00-00 00:00:00",0,"",0,0,0
"314",314,"END","00314uwMJe","mfsbdiElakunO","standard","WR",0,"male","opaque","2017-07-03 13:20:37","2017-07-03 13:57:28",39,"f",5,2,4
"315",315,"END","00315QiwXV","uOdEfaimklbns","standard","WR",0,"male","opaque","2017-07-03 15:41:24","2017-07-03 16:49:42",28,"m",5,4,5
"316",316,"END","00316ztSvR","laidsOnbmEkfu","standard","WR",0,"male","opaque","2017-07-03 15:48:16","2017-07-03 17:37:24",43,"m",5,5,5
"317",317,"END","00317leLSP","lbdmiunsEkOfa","standard","WR",0,"male","opaque","2017-07-03 17:24:18","2017-07-03 19:36:59",44,"f",5,4,4
"318",318,"R_TR1","","EluabkdfmsiOn","standard","WR",0,"male","opaque","2017-07-03 18:02:10","0000-00-00 00:00:00",44,"f",5,0,0
"319",319,"END","00319oIftV","smnEldfaOukbi","dialect","RW",0,"female","opaque","2017-07-04 10:26:34","2017-07-04 11:10:47",25,"m",4,5,5
"320",320,"END","00320QbIFz","OnbauEmfliksd","dialect","RW",0,"female","opaque","2017-07-04 10:31:24","2017-07-04 11:32:56",26,"m",5,3,5
"321",321,"END","00321qZWUw","ufaikmEnblOsd","dialect","RW",0,"female","opaque","2017-07-04 13:19:32","2017-07-04 16:39:07",34,"m",5,4,5
"322",322,"END","00322pefMU","mlbnuEaskOfid","dialect","RW",0,"female","opaque","2017-07-04 14:35:11","2017-07-04 15:17:02",39,"f",5,2,4
"323",323,"END","00323otGmJ","ulsmOfnkEbadi","dialect","RW",0,"female","opaque","2017-07-04 15:36:25","2017-07-04 16:55:02",37,"m",5,4,5
"324",324,"R_TR1","","ilumsadnOEfkb","dialect","RW",0,"female","opaque","2017-07-04 23:22:10","0000-00-00 00:00:00",37,"m",5,0,0
"325",325,"END","00325MLUDE","lfakindsmbEuO","dialect","RW",0,"female","opaque","2017-07-04 23:24:11","2017-07-05 01:35:33",32,"f",5,4,5
"326",326,"END","00326pAnKE","nlikmEsbfOuda","dialect","RW",0,"female","opaque","2017-07-04 23:49:58","2017-07-05 00:57:16",57,"f",5,4,5
"327",327,"END","00327bxJEu","fdEkmiOnauslb","standard","RW",0,"female","opaque","2017-07-05 09:54:59","2017-07-05 11:20:31",32,"m",4,3,1
"328",328,"END","00328zFVEu","ksduaEnbimlOf","standard","RW",0,"female","opaque","2017-07-05 10:31:11","2017-07-05 13:04:16",37,"f",5,4,5
"329",329,"R_TR1","","iOEnamklfdbsu","standard","RW",0,"female","opaque","2017-07-05 13:57:06","0000-00-00 00:00:00",25,"m",5,0,0
"330",330,"R_TR2","","kmnlbOEufdsia","standard","RW",0,"female","opaque","2017-07-05 14:27:07","0000-00-00 00:00:00",34,"m",4,0,0
"331",331,"SCRIPT","","OnEmbaufildks","standard","RW",0,"female","opaque","2017-07-05 14:30:11","0000-00-00 00:00:00",32,"m",4,0,0
"332",332,"END","00332RyYAz","kalfdObmsiuEn","standard","RW",0,"female","opaque","2017-07-05 14:41:56","2017-07-05 15:44:21",32,"f",5,4,5
"333",333,"END","00333ZsTNr","aibnulksOdmfE","standard","RW",0,"female","opaque","2017-07-05 15:40:54","2017-07-05 16:40:27",27,"f",5,4,5
"334",334,"END","00334wCFqU","dfbiEOnsaumkl","standard","RW",0,"female","opaque","2017-07-05 17:43:58","2017-07-05 18:51:30",21,"m",5,5,5
"335",335,"END","00335qSekI","dnkmisbEfuOal","standard","RW",0,"female","opaque","2017-07-05 19:05:32","2017-07-05 20:37:28",26,"m",5,4,4
"336",336,"R_TR3","","uEnkmilbsdOaf","standard","RW",0,"female","opaque","2017-07-05 22:35:38","0000-00-00 00:00:00",29,"f",5,0,0
"337",337,"END","00337WnXEl","OkdimuElfansb","standard","RW",0,"female","opaque","2017-07-05 23:35:59","2017-07-06 00:29:07",28,"f",5,5,5
"338",338,"START","","iusdkfOnalbEm","standard","RW",0,"male","opaque","2017-07-06 02:33:56","0000-00-00 00:00:00",0,"",0,0,0
"339",339,"END","00339OthDr","ifnObasEumkld","dialect","WR",0,"female","opaque","2017-07-06 09:56:14","2017-07-06 10:54:57",27,"f",5,4,4
"340",340,"END","00340AgcdS","iaOlfsukdbEmn","dialect","WR",0,"female","opaque","2017-07-06 11:01:07","2017-07-06 11:56:38",20,"m",5,5,5
"341",341,"END","00341mwTIz","EfsublkdiOamn","dialect","WR",0,"female","opaque","2017-07-06 12:44:22","2017-07-06 13:22:48",22,"m",5,1,5
"342",342,"EXPOSURE1","","fiOulmkdEsban","dialect","WR",0,"female","opaque","2017-07-06 13:12:08","0000-00-00 00:00:00",28,"m",5,0,0
"343",343,"END","00343WHhmx","bafkuidlEnsmO","dialect","WR",0,"female","opaque","2017-07-06 13:51:39","2017-07-06 15:39:29",24,"f",5,4,5
"344",344,"START","","mbldfkauEnOsi","dialect","WR",0,"female","opaque","2017-07-06 14:18:36","0000-00-00 00:00:00",0,"",0,0,0
"345",345,"END","00345IuVKj","umdfbOlnsikaE","dialect","RW",1,"female","opaque","2017-07-06 14:19:16","2017-07-06 16:17:34",32,"m",3,4,5
"346",346,"W_TR1","","EblsfiaumdnkO","dialect","WR",0,"female","opaque","2017-07-06 15:30:28","0000-00-00 00:00:00",29,"f",5,0,0
"347",347,"END","00347SlwgE","libaOfnkmusdE","dialect","WR",0,"female","opaque","2017-07-06 16:57:35","2017-07-06 17:42:36",26,"f",5,4,5
"348",348,"END","00348XMjba","mEdnaukOsbilf","dialect","WR",0,"female","opaque","2017-07-06 21:13:57","2017-07-06 22:09:49",30,"m",5,5,5
"349",349,"END","00349usMOd","mnEuaiOdfskbl","standard","WR",0,"female","opaque","2017-07-07 09:36:30","2017-07-07 11:24:34",34,"m",3,4,4
"350",350,"END","00350gyZYC","ilsOfdnumEakb","standard","WR",0,"female","opaque","2017-07-07 10:05:03","2017-07-07 11:04:31",22,"m",5,5,5
"351",351,"W_TR1","","midnbafukElOs","standard","WR",0,"female","opaque","2017-07-07 10:38:08","0000-00-00 00:00:00",26,"m",5,0,0
"352",352,"R_TR1","","bfnakOlEmiuds","standard","WR",0,"female","opaque","2017-07-07 11:48:38","0000-00-00 00:00:00",23,"m",5,0,0
"353",353,"END","00353nvwbT","fkaEmlnsdObiu","standard","WR",0,"female","opaque","2017-07-07 12:18:59","2017-07-07 14:18:59",62,"m",5,1,5
"354",354,"END","00354dcRqL","mkdnsuEilObfa","standard","WR",0,"female","opaque","2017-07-07 12:59:21","2017-07-07 13:51:33",31,"m",5,5,4
"355",355,"INSTR_EXPOSURE1","","bskmfEunadliO","standard","WR",0,"female","opaque","2017-07-07 13:00:30","0000-00-00 00:00:00",25,"m",2,0,0
"356",356,"END","00356sNzBF","idfusEanlOmbk","standard","WR",0,"female","opaque","2017-07-07 13:03:44","2017-07-07 15:10:13",26,"m",5,5,5
"357",357,"END","00357kELUp","aifsblOEdumkn","standard","WR",0,"female","opaque","2017-07-07 13:38:22","2017-07-07 16:19:43",32,"m",5,4,5
"358",358,"DEMOGRAPHICS","","iulfnObkmsEda","standard","WR",0,"female","opaque","2017-07-07 13:38:40","0000-00-00 00:00:00",0,"",0,0,0
"359",359,"W_TR1","","slmfObdEiaukn","standard","RW",1,"female","opaque","2017-07-07 14:24:49","0000-00-00 00:00:00",32,"m",4,0,0
"360",360,"EXPOSURE1","","unasEmiOlkdfb","standard","RW",1,"female","opaque","2017-07-07 14:51:12","0000-00-00 00:00:00",32,"m",4,0,0
"361",361,"END","00361Onwdz","knmbfEsaiduOl","standard","RW",1,"female","opaque","2017-07-07 15:01:33","2017-07-07 18:12:02",32,"m",3,5,5
"362",362,"R_TR1","","nblmEdafikuOs","standard","WR",0,"female","opaque","2017-07-07 16:08:07","0000-00-00 00:00:00",55,"f",5,0,0
"363",363,"SCRIPT","","OsaEmfnlbudik","standard","WR",0,"female","opaque","2017-07-07 17:19:36","0000-00-00 00:00:00",63,"m",5,0,0
"364",364,"W_TR1","","ksOaumlnEdfib","standard","WR",0,"female","opaque","2017-07-07 18:38:58","0000-00-00 00:00:00",46,"m",5,0,0
"365",365,"START","","nmflEdiksabuO","standard","WR",0,"female","opaque","2017-07-07 18:40:15","0000-00-00 00:00:00",0,"",0,0,0
"366",366,"START","","mbdlasOEiunkf","standard","WR",0,"female","opaque","2017-07-07 22:06:37","0000-00-00 00:00:00",0,"",0,0,0
"367",367,"END","00367zfWck","fdsEiObmknlua","standard","WR",0,"female","opaque","2017-07-07 22:08:08","2017-07-07 23:56:12",31,"m",5,3,4
"368",368,"START","","dlEfbkinaumOs","standard","RW",1,"male","opaque","2017-07-08 02:42:57","0000-00-00 00:00:00",0,"",0,0,0
"369",369,"START","","mksfbdOilEnua","dialect","RW",1,"male","opaque","2017-07-08 02:42:58","0000-00-00 00:00:00",0,"",0,0,0
"370",370,"START","","nmialEubOfdks","standard","RW",0,"male","opaque","2017-07-08 22:38:53","0000-00-00 00:00:00",0,"",0,0,0
"371",371,"END","00371kwbUM","fiusbkalEnmdO","dialect","WR",0,"female","opaque","2017-07-11 14:27:30","2017-07-11 15:45:36",31,"f",4,5,5
"372",372,"START","","knmsadbfuiOlE","standard","WR",1,"male","opaque","2017-07-12 01:14:51","0000-00-00 00:00:00",0,"",0,0,0
"373",373,"INSTR_W_TR2","","kbnOmliEfudas","dialect","WR",1,"male","opaque","2017-07-12 12:57:00","0000-00-00 00:00:00",999,"o",5,0,0
"374",374,"EXPOSURE3","","kfsElumndbOia","standard","WR",0,"male","opaque","2017-07-13 14:14:09","0000-00-00 00:00:00",999,"o",5,0,0
"375",375,"EXPOSURE1","","EkblOfasminud","dialect","WR",1,"male","opaque","2017-07-13 14:23:14","0000-00-00 00:00:00",999,"o",5,0,0
"376",376,"START","","kmiabuflEdnsO","standard","RW",1,"female","opaque","2017-07-21 07:06:17","0000-00-00 00:00:00",0,"",0,0,0
"377",377,"W_TR1","","dOniaubklEfms","dialect","RW",1,"male","opaque","2017-07-28 13:25:05","0000-00-00 00:00:00",999,"o",5,0,0
"378",378,"W_TR1","","EmbOnfaksulid","standard","WR",0,"female","opaque","2017-10-25 11:51:44","0000-00-00 00:00:00",999,"o",5,0,0
"379",379,"W_TR1","","mkufdOEbainsl","dialect","WR",1,"female","opaque","2017-10-25 11:55:47","0000-00-00 00:00:00",999,"o",5,0,0
"380",380,"DEMOGRAPHICS","","msliEbnufkOda","standard","WR",1,"female","opaque","2017-12-07 16:53:25","0000-00-00 00:00:00",0,"",0,0,0
"381",381,"END","00381muQfW","nsEfladOikubm","dialect","WR",1,"female","opaque","2017-12-07 16:54:22","2017-12-07 17:37:05",999,"o",5,1,5
"382",382,"EXPOSURE2","","kEdulibmnafsO","standard","WR",0,"female","opaque","2017-12-07 17:42:14","0000-00-00 00:00:00",999,"o",5,0,0
