participant_number,language_variety,orthography_condition,picture_condition,order_condition,speaker_condition,age,gender,language_spoken,language_proficiency_rating,fun_rating,noise_rating,start_timestamp,end_timestamp,total_time
1,dialect,opaque,picture,RW,male,45,f,Czech,3,3,4,2018-01-10T10:14:22Z,2018-01-10T11:29:29Z,4507s (~1.25 hours)
1,dialect,opaque,picture,RW,male,45,f,German,5,3,4,2018-01-10T10:14:22Z,2018-01-10T11:29:29Z,4507s (~1.25 hours)
1,dialect,opaque,picture,RW,male,45,f,English,5,3,4,2018-01-10T10:14:22Z,2018-01-10T11:29:29Z,4507s (~1.25 hours)
1,dialect,opaque,picture,RW,male,45,f,Spanish,1,3,4,2018-01-10T10:14:22Z,2018-01-10T11:29:29Z,4507s (~1.25 hours)
2,dialect,opaque,picture,RW,male,39,f,English,5,4,5,2018-02-07T11:25:58Z,2018-02-07T12:55:34Z,5376s (~1.49 hours)
4,dialect,opaque,picture,RW,male,33,f,Finnish,1,4,5,2018-02-07T11:30:40Z,2018-02-07T12:30:54Z,3614s (~1 hours)
4,dialect,opaque,picture,RW,male,33,f,Chinese (Mandarin),1,4,5,2018-02-07T11:30:40Z,2018-02-07T12:30:54Z,3614s (~1 hours)
4,dialect,opaque,picture,RW,male,33,f,Japanese,2,4,5,2018-02-07T11:30:40Z,2018-02-07T12:30:54Z,3614s (~1 hours)
4,dialect,opaque,picture,RW,male,33,f,English,5,4,5,2018-02-07T11:30:40Z,2018-02-07T12:30:54Z,3614s (~1 hours)
4,dialect,opaque,picture,RW,male,33,f,German,1,4,5,2018-02-07T11:30:40Z,2018-02-07T12:30:54Z,3614s (~1 hours)
6,dialect,opaque,picture,RW,male,36,f,Polish,5,5,5,2018-02-07T11:41:04Z,2018-02-07T13:01:24Z,4820s (~1.34 hours)
6,dialect,opaque,picture,RW,male,36,f,English,5,5,5,2018-02-07T11:41:04Z,2018-02-07T13:01:24Z,4820s (~1.34 hours)
7,dialect,opaque,picture,RW,male,50,f,English,4,5,5,2018-02-07T11:45:28Z,2018-02-07T13:45:06Z,7178s (~1.99 hours)
8,dialect,opaque,picture,RW,male,35,f,English,5,4,4,2018-02-07T11:55:17Z,2018-02-07T13:08:12Z,4375s (~1.22 hours)
8,dialect,opaque,picture,RW,male,35,f,French,1,4,4,2018-02-07T11:55:17Z,2018-02-07T13:08:12Z,4375s (~1.22 hours)
9,dialect,opaque,picture,RW,male,20,f,English,5,1,5,2018-02-07T12:36:01Z,2018-02-07T13:27:37Z,3096s (~51.6 minutes)
10,dialect,opaque,picture,RW,male,21,m,French,1,4,3,2018-02-07T16:22:57Z,2018-02-07T17:30:15Z,4038s (~1.12 hours)
10,dialect,opaque,picture,RW,male,21,m,Spanish,1,4,3,2018-02-07T16:22:57Z,2018-02-07T17:30:15Z,4038s (~1.12 hours)
10,dialect,opaque,picture,RW,male,21,m,English,5,4,3,2018-02-07T16:22:57Z,2018-02-07T17:30:15Z,4038s (~1.12 hours)
11,standard,opaque,picture,RW,male,25,m,Yoruba,5,5,3,2018-02-08T10:11:54Z,2018-02-08T11:45:26Z,5612s (~1.56 hours)
11,standard,opaque,picture,RW,male,25,m,English,5,5,3,2018-02-08T10:11:54Z,2018-02-08T11:45:26Z,5612s (~1.56 hours)
11,standard,opaque,picture,RW,male,25,m,French,2,5,3,2018-02-08T10:11:54Z,2018-02-08T11:45:26Z,5612s (~1.56 hours)
11,standard,opaque,picture,RW,male,25,m,Arabic,3,5,3,2018-02-08T10:11:54Z,2018-02-08T11:45:26Z,5612s (~1.56 hours)
12,standard,opaque,picture,RW,male,26,m,English,5,3,5,2018-02-08T10:25:20Z,2018-02-08T12:25:48Z,7228s (~2.01 hours)
14,standard,opaque,picture,RW,male,54,f,English,4,3,4,2018-02-08T10:38:12Z,2018-02-08T12:04:33Z,5181s (~1.44 hours)
17,standard,opaque,picture,RW,male,28,m,English,5,5,5,2018-02-08T11:19:43Z,2018-02-08T12:28:34Z,4131s (~1.15 hours)
18,standard,opaque,picture,RW,male,38,m,English,5,4,4,2018-02-08T12:04:02Z,2018-02-08T14:04:28Z,7226s (~2.01 hours)
18,standard,opaque,picture,RW,male,38,m,Spanish,3,4,4,2018-02-08T12:04:02Z,2018-02-08T14:04:28Z,7226s (~2.01 hours)
19,standard,opaque,picture,RW,male,30,f,Spanish ,5,3,3,2018-02-08T13:23:02Z,2018-02-08T15:05:01Z,6119s (~1.7 hours)
19,standard,opaque,picture,RW,male,30,f,English,5,3,3,2018-02-08T13:23:02Z,2018-02-08T15:05:01Z,6119s (~1.7 hours)
20,standard,opaque,picture,RW,male,26,m,English,5,2,5,2018-02-08T19:05:15Z,2018-02-08T20:14:09Z,4134s (~1.15 hours)
22,dialect,opaque,picture,WR,male,38,m,English,4,4,4,2018-02-09T10:08:05Z,2018-02-09T11:27:33Z,4768s (~1.32 hours)
22,dialect,opaque,picture,WR,male,38,m,French,3,4,4,2018-02-09T10:08:05Z,2018-02-09T11:27:33Z,4768s (~1.32 hours)
25,dialect,opaque,picture,WR,male,48,f,English,5,4,4,2018-02-09T10:36:48Z,2018-02-09T13:06:49Z,9001s (~2.5 hours)
27,dialect,opaque,picture,WR,male,30,m,French,1,4,4,2018-02-09T10:39:29Z,2018-02-09T12:07:39Z,5290s (~1.47 hours)
27,dialect,opaque,picture,WR,male,30,m,Spanish,1,4,4,2018-02-09T10:39:29Z,2018-02-09T12:07:39Z,5290s (~1.47 hours)
27,dialect,opaque,picture,WR,male,30,m,English,5,4,4,2018-02-09T10:39:29Z,2018-02-09T12:07:39Z,5290s (~1.47 hours)
29,dialect,opaque,picture,WR,male,30,m,English,5,5,5,2018-02-09T14:14:55Z,2018-02-09T15:57:37Z,6162s (~1.71 hours)
31,dialect,opaque,picture,WR,male,29,f,Spanish,1,5,5,2018-02-09T14:34:29Z,2018-02-09T15:43:08Z,4119s (~1.14 hours)
31,dialect,opaque,picture,WR,male,29,f,BSL,1,5,5,2018-02-09T14:34:29Z,2018-02-09T15:43:08Z,4119s (~1.14 hours)
31,dialect,opaque,picture,WR,male,29,f,German,2,5,5,2018-02-09T14:34:29Z,2018-02-09T15:43:08Z,4119s (~1.14 hours)
31,dialect,opaque,picture,WR,male,29,f,French,1,5,5,2018-02-09T14:34:29Z,2018-02-09T15:43:08Z,4119s (~1.14 hours)
31,dialect,opaque,picture,WR,male,29,f,English,5,5,5,2018-02-09T14:34:29Z,2018-02-09T15:43:08Z,4119s (~1.14 hours)
32,dialect,opaque,picture,WR,male,39,m,English,5,4,5,2018-02-09T14:36:06Z,2018-02-09T16:54:44Z,8318s (~2.31 hours)
36,dialect,opaque,picture,WR,male,29,m,French,1,4,5,2018-02-09T16:46:05Z,2018-02-09T19:06:43Z,8438s (~2.34 hours)
36,dialect,opaque,picture,WR,male,29,m,German,1,4,5,2018-02-09T16:46:05Z,2018-02-09T19:06:43Z,8438s (~2.34 hours)
36,dialect,opaque,picture,WR,male,29,m,English,5,4,5,2018-02-09T16:46:05Z,2018-02-09T19:06:43Z,8438s (~2.34 hours)
37,dialect,opaque,picture,WR,male,37,f,English,5,5,4,2018-02-09T18:46:44Z,2018-02-09T20:09:31Z,4967s (~1.38 hours)
41,standard,opaque,picture,WR,male,29,m,English,5,5,5,2018-02-11T15:15:53Z,2018-02-11T16:52:21Z,5788s (~1.61 hours)
42,standard,opaque,picture,WR,male,31,f,English,5,4,5,2018-02-11T15:18:57Z,2018-02-11T17:13:18Z,6861s (~1.91 hours)
46,standard,opaque,picture,WR,male,32,m,English,5,4,4,2018-02-11T16:37:57Z,2018-02-11T18:07:57Z,5400s (~1.5 hours)
48,standard,opaque,picture,WR,male,28,m,English,5,4,5,2018-02-11T18:14:33Z,2018-02-11T20:10:57Z,6984s (~1.94 hours)
50,standard,opaque,picture,WR,male,37,f,English,5,4,5,2018-02-11T18:27:21Z,2018-02-11T20:36:48Z,7767s (~2.16 hours)
52,standard,opaque,picture,WR,male,42,f,English,5,4,4,2018-02-11T20:17:26Z,2018-02-11T21:03:03Z,2737s (~45.62 minutes)
54,standard,opaque,picture,WR,male,60,f,Hungarian,5,5,5,2018-02-12T11:27:38Z,2018-02-12T12:42:32Z,4494s (~1.25 hours)
54,standard,opaque,picture,WR,male,60,f,English,4,5,5,2018-02-12T11:27:38Z,2018-02-12T12:42:32Z,4494s (~1.25 hours)
55,dialect,opaque,picture,RW,female,36,m,Spanish,1,4,5,2018-02-12T13:10:38Z,2018-02-12T14:34:23Z,5025s (~1.4 hours)
55,dialect,opaque,picture,RW,female,36,m,English,5,4,5,2018-02-12T13:10:38Z,2018-02-12T14:34:23Z,5025s (~1.4 hours)
55,dialect,opaque,picture,RW,female,36,m,German,1,4,5,2018-02-12T13:10:38Z,2018-02-12T14:34:23Z,5025s (~1.4 hours)
56,dialect,opaque,picture,RW,female,27,m,French,1,4,5,2018-02-12T13:12:58Z,2018-02-12T14:44:46Z,5508s (~1.53 hours)
56,dialect,opaque,picture,RW,female,27,m,Swedish,3,4,5,2018-02-12T13:12:58Z,2018-02-12T14:44:46Z,5508s (~1.53 hours)
56,dialect,opaque,picture,RW,female,27,m,English,5,4,5,2018-02-12T13:12:58Z,2018-02-12T14:44:46Z,5508s (~1.53 hours)
56,dialect,opaque,picture,RW,female,27,m,Spanish,1,4,5,2018-02-12T13:12:58Z,2018-02-12T14:44:46Z,5508s (~1.53 hours)
57,dialect,opaque,picture,RW,female,18,m,English,1,4,2,2018-02-12T13:18:32Z,2018-02-12T14:12:28Z,3236s (~53.93 minutes)
58,dialect,opaque,picture,RW,female,31,f,English,5,5,5,2018-02-12T13:20:52Z,2018-02-12T14:41:07Z,4815s (~1.34 hours)
58,dialect,opaque,picture,RW,female,31,f,French,2,5,5,2018-02-12T13:20:52Z,2018-02-12T14:41:07Z,4815s (~1.34 hours)
58,dialect,opaque,picture,RW,female,31,f,Welsh,3,5,5,2018-02-12T13:20:52Z,2018-02-12T14:41:07Z,4815s (~1.34 hours)
59,dialect,opaque,picture,RW,female,28,f,English,5,2,5,2018-02-12T13:31:51Z,2018-02-12T14:40:13Z,4102s (~1.14 hours)
61,dialect,opaque,picture,RW,female,41,f,English,5,5,5,2018-02-12T13:42:31Z,2018-02-12T14:53:48Z,4277s (~1.19 hours)
62,dialect,opaque,picture,RW,female,33,f,English,5,4,5,2018-02-12T13:54:20Z,2018-02-12T15:03:47Z,4167s (~1.16 hours)
63,standard,opaque,picture,RW,female,34,f,French,3,4,5,2018-02-12T15:25:32Z,2018-02-12T17:49:14Z,8622s (~2.4 hours)
63,standard,opaque,picture,RW,female,34,f,German,2,4,5,2018-02-12T15:25:32Z,2018-02-12T17:49:14Z,8622s (~2.4 hours)
63,standard,opaque,picture,RW,female,34,f,Italian,4,4,5,2018-02-12T15:25:32Z,2018-02-12T17:49:14Z,8622s (~2.4 hours)
63,standard,opaque,picture,RW,female,34,f,Arabic,1,4,5,2018-02-12T15:25:32Z,2018-02-12T17:49:14Z,8622s (~2.4 hours)
63,standard,opaque,picture,RW,female,34,f,English,5,4,5,2018-02-12T15:25:32Z,2018-02-12T17:49:14Z,8622s (~2.4 hours)
66,standard,opaque,picture,RW,female,51,f,English,5,5,5,2018-02-12T15:53:15Z,2018-02-12T16:54:47Z,3692s (~1.03 hours)
67,standard,opaque,picture,RW,female,31,f,English,5,3,5,2018-02-12T16:35:43Z,2018-02-12T18:04:26Z,5323s (~1.48 hours)
71,standard,opaque,picture,RW,female,24,f,English,5,5,5,2018-02-12T18:04:42Z,2018-02-12T19:16:09Z,4287s (~1.19 hours)
73,standard,opaque,picture,RW,female,28,f,German,1,2,5,2018-02-12T19:51:29Z,2018-02-12T22:11:11Z,8382s (~2.33 hours)
73,standard,opaque,picture,RW,female,28,f,English,5,2,5,2018-02-12T19:51:29Z,2018-02-12T22:11:11Z,8382s (~2.33 hours)
75,standard,opaque,picture,RW,female,32,f,English,5,4,5,2018-02-12T20:26:17Z,2018-02-12T21:21:58Z,3341s (~55.68 minutes)
76,standard,opaque,picture,RW,female,46,m,English,5,4,4,2018-02-12T21:52:02Z,2018-02-12T23:44:08Z,6726s (~1.87 hours)
78,dialect,opaque,picture,WR,female,34,f,English,5,5,5,2018-02-13T11:36:57Z,2018-02-13T14:18:29Z,9692s (~2.69 hours)
78,dialect,opaque,picture,WR,female,34,f,French,2,5,5,2018-02-13T11:36:57Z,2018-02-13T14:18:29Z,9692s (~2.69 hours)
79,dialect,opaque,picture,WR,female,37,f,English,5,2,5,2018-02-13T11:44:23Z,2018-02-13T13:26:59Z,6156s (~1.71 hours)
79,dialect,opaque,picture,WR,female,37,f,Spanish,2,2,5,2018-02-13T11:44:23Z,2018-02-13T13:26:59Z,6156s (~1.71 hours)
79,dialect,opaque,picture,WR,female,37,f,French,2,2,5,2018-02-13T11:44:23Z,2018-02-13T13:26:59Z,6156s (~1.71 hours)
80,dialect,opaque,picture,WR,female,48,f,French,3,4,4,2018-02-13T12:03:03Z,2018-02-13T14:58:12Z,10509s (~2.92 hours)
80,dialect,opaque,picture,WR,female,48,f,English,5,4,4,2018-02-13T12:03:03Z,2018-02-13T14:58:12Z,10509s (~2.92 hours)
80,dialect,opaque,picture,WR,female,48,f,Serbian,4,4,4,2018-02-13T12:03:03Z,2018-02-13T14:58:12Z,10509s (~2.92 hours)
81,dialect,opaque,picture,WR,female,26,f,English,5,5,5,2018-02-13T12:09:29Z,2018-02-13T13:30:50Z,4881s (~1.36 hours)
82,dialect,opaque,picture,WR,female,38,f,English,1,5,5,2018-02-13T12:24:58Z,2018-02-13T13:34:46Z,4188s (~1.16 hours)
85,dialect,opaque,picture,WR,female,32,f,English,5,5,5,2018-02-13T14:10:44Z,2018-02-13T15:39:13Z,5309s (~1.47 hours)
88,dialect,opaque,picture,WR,female,29,m,French,2,5,5,2018-02-13T17:47:19Z,2018-02-13T19:50:20Z,7381s (~2.05 hours)
88,dialect,opaque,picture,WR,female,29,m,English,4,5,5,2018-02-13T17:47:19Z,2018-02-13T19:50:20Z,7381s (~2.05 hours)
88,dialect,opaque,picture,WR,female,29,m,Spanish,2,5,5,2018-02-13T17:47:19Z,2018-02-13T19:50:20Z,7381s (~2.05 hours)
91,standard,opaque,picture,WR,female,39,f,English,5,5,5,2018-02-14T09:40:22Z,2018-02-14T10:45:23Z,3901s (~1.08 hours)
92,standard,opaque,picture,WR,female,25,f,Norwegian,2,5,5,2018-02-14T09:57:28Z,2018-02-14T11:51:04Z,6816s (~1.89 hours)
92,standard,opaque,picture,WR,female,25,f,French,2,5,5,2018-02-14T09:57:28Z,2018-02-14T11:51:04Z,6816s (~1.89 hours)
92,standard,opaque,picture,WR,female,25,f,English,5,5,5,2018-02-14T09:57:28Z,2018-02-14T11:51:04Z,6816s (~1.89 hours)
93,standard,opaque,picture,WR,female,32,m,English,2,5,5,2018-02-14T10:21:01Z,2018-02-14T12:00:30Z,5969s (~1.66 hours)
93,standard,opaque,picture,WR,female,32,m,Rusian,1,5,5,2018-02-14T10:21:01Z,2018-02-14T12:00:30Z,5969s (~1.66 hours)
93,standard,opaque,picture,WR,female,32,m,Polish,5,5,5,2018-02-14T10:21:01Z,2018-02-14T12:00:30Z,5969s (~1.66 hours)
95,standard,opaque,picture,WR,female,42,m,English,5,3,5,2018-02-14T10:40:39Z,2018-02-14T12:12:29Z,5510s (~1.53 hours)
97,standard,opaque,picture,WR,female,26,f,English,5,3,5,2018-02-14T12:04:44Z,2018-02-14T13:06:14Z,3690s (~1.02 hours)
99,standard,opaque,picture,WR,female,49,m,English,3,4,4,2018-02-14T14:34:47Z,2018-02-14T15:51:27Z,4600s (~1.28 hours)
101,standard,opaque,picture,WR,female,26,m,Cantonese,4,5,5,2018-02-14T15:53:03Z,2018-02-14T16:51:45Z,3522s (~58.7 minutes)
101,standard,opaque,picture,WR,female,26,m,English,5,5,5,2018-02-14T15:53:03Z,2018-02-14T16:51:45Z,3522s (~58.7 minutes)
108,dialect,opaque,picture,RW,female,25,f,French,1,4,4,2018-02-25T18:29:15Z,2018-02-25T20:28:46Z,7171s (~1.99 hours)
108,dialect,opaque,picture,RW,female,25,f,English,5,4,4,2018-02-25T18:29:15Z,2018-02-25T20:28:46Z,7171s (~1.99 hours)
109,standard,opaque,picture,WR,male,20,f,Italian,1,2,4,2018-02-25T21:13:06Z,2018-02-26T16:56:54Z,71028s (~19.73 hours)
109,standard,opaque,picture,WR,male,20,f,French,5,2,4,2018-02-25T21:13:06Z,2018-02-26T16:56:54Z,71028s (~19.73 hours)
109,standard,opaque,picture,WR,male,20,f,English,5,2,4,2018-02-25T21:13:06Z,2018-02-26T16:56:54Z,71028s (~19.73 hours)
113,standard,opaque,picture,RW,female,21,f,English,5,5,5,2018-03-17T14:25:59Z,2018-03-17T15:55:57Z,5398s (~1.5 hours)
116,dialect,opaque,picture,RW,female,29,m,French,2,2,4,2018-05-01T15:35:27Z,2018-05-01T17:17:05Z,6098s (~1.69 hours)
116,dialect,opaque,picture,RW,female,29,m,English,5,2,4,2018-05-01T15:35:27Z,2018-05-01T17:17:05Z,6098s (~1.69 hours)
119,dialect,opaque,picture,RW,female,33,f,English,5,2,5,2018-05-02T14:43:55Z,2018-05-02T16:25:20Z,6085s (~1.69 hours)
125,dialect,opaque,picture,RW,male,60,m,English,5,4,5,2018-05-04T15:43:49Z,2018-05-04T17:49:56Z,7567s (~2.1 hours)
126,dialect,opaque,picture,RW,male,21,f,Dutch,3,4,5,2018-05-04T18:39:57Z,2018-05-04T20:14:30Z,5673s (~1.58 hours)
126,dialect,opaque,picture,RW,male,21,f,English,5,4,5,2018-05-04T18:39:57Z,2018-05-04T20:14:30Z,5673s (~1.58 hours)
127,dialect,opaque,picture,RW,male,20,m,English,5,5,5,2018-05-04T22:46:55Z,2018-05-05T00:08:56Z,4921s (~1.37 hours)
129,dialect,opaque,picture,WR,female,21,m,English,5,4,5,2018-05-11T14:21:02Z,2018-05-11T15:33:35Z,4353s (~1.21 hours)
130,dialect,opaque,picture,WR,female,21,f,French,2,4,4,2018-05-11T18:39:58Z,2018-05-11T19:46:26Z,3988s (~1.11 hours)
130,dialect,opaque,picture,WR,female,21,f,German,1,4,4,2018-05-11T18:39:58Z,2018-05-11T19:46:26Z,3988s (~1.11 hours)
130,dialect,opaque,picture,WR,female,21,f,English,5,4,4,2018-05-11T18:39:58Z,2018-05-11T19:46:26Z,3988s (~1.11 hours)
131,dialect,opaque,picture,WR,female,32,m,English,5,1,5,2018-05-11T19:03:45Z,2018-05-11T20:06:15Z,3750s (~1.04 hours)
135,dialect,opaque,picture,WR,male,25,m,English,5,4,5,2018-05-14T15:04:12Z,2018-05-14T16:20:48Z,4596s (~1.28 hours)
138,dialect,opaque,picture,WR,male,40,m,English,5,4,5,2018-05-14T19:44:40Z,2018-05-14T21:44:49Z,7209s (~2 hours)
142,standard,opaque,picture,RW,female,30,m,Japanese,1,5,4,2018-05-17T15:00:22Z,2018-05-17T16:34:19Z,5637s (~1.57 hours)
142,standard,opaque,picture,RW,female,30,m,German,2,5,4,2018-05-17T15:00:22Z,2018-05-17T16:34:19Z,5637s (~1.57 hours)
142,standard,opaque,picture,RW,female,30,m,English,5,5,4,2018-05-17T15:00:22Z,2018-05-17T16:34:19Z,5637s (~1.57 hours)
142,standard,opaque,picture,RW,female,30,m,French,3,5,4,2018-05-17T15:00:22Z,2018-05-17T16:34:19Z,5637s (~1.57 hours)
143,standard,opaque,picture,RW,male,31,m,English,5,4,3,2018-05-17T16:50:08Z,2018-05-17T18:37:38Z,6450s (~1.79 hours)
144,standard,opaque,picture,RW,male,40,m,English,5,5,5,2018-05-17T16:55:46Z,2018-05-17T20:32:58Z,13032s (~3.62 hours)
145,standard,opaque,picture,RW,male,28,m,English,5,4,5,2018-05-18T13:46:52Z,2018-05-18T15:29:09Z,6137s (~1.7 hours)
146,standard,opaque,picture,WR,male,28,f,English,5,3,5,2018-05-18T16:26:37Z,2018-05-18T17:15:32Z,2935s (~48.92 minutes)
147,standard,opaque,picture,WR,male,34,m,Spanish,1,5,5,2018-05-18T16:46:15Z,2018-05-18T18:16:07Z,5392s (~1.5 hours)
147,standard,opaque,picture,WR,male,34,m,English,5,5,5,2018-05-18T16:46:15Z,2018-05-18T18:16:07Z,5392s (~1.5 hours)
147,standard,opaque,picture,WR,male,34,m,ASL,2,5,5,2018-05-18T16:46:15Z,2018-05-18T18:16:07Z,5392s (~1.5 hours)
148,standard,opaque,picture,RW,female,24,f,French,2,5,5,2018-05-19T14:28:06Z,2018-05-19T16:02:40Z,5674s (~1.58 hours)
148,standard,opaque,picture,RW,female,24,f,Spanish,1,5,5,2018-05-19T14:28:06Z,2018-05-19T16:02:40Z,5674s (~1.58 hours)
148,standard,opaque,picture,RW,female,24,f,Yoruba,5,5,5,2018-05-19T14:28:06Z,2018-05-19T16:02:40Z,5674s (~1.58 hours)
148,standard,opaque,picture,RW,female,24,f,English,5,5,5,2018-05-19T14:28:06Z,2018-05-19T16:02:40Z,5674s (~1.58 hours)
149,standard,opaque,picture,WR,female,31,m,English,5,5,5,2018-05-21T11:09:29Z,2018-05-21T12:06:34Z,3425s (~57.08 minutes)
150,standard,opaque,picture,WR,female,53,m,English,5,5,5,2018-05-21T15:35:28Z,2018-05-21T16:59:04Z,5016s (~1.39 hours)
154,standard,opaque,picture,WR,female,34,f,English,5,5,4,2018-05-21T20:32:14Z,2018-05-21T21:33:53Z,3699s (~1.03 hours)
157,standard,opaque,picture,WR,female,42,m,Afrikaans,3,5,5,2018-05-21T21:22:45Z,2018-05-21T22:54:06Z,5481s (~1.52 hours)
157,standard,opaque,picture,WR,female,42,m,English,5,5,5,2018-05-21T21:22:45Z,2018-05-21T22:54:06Z,5481s (~1.52 hours)
159,standard,opaque,picture,RW,male,29,m,Cantonese,5,5,4,2018-05-23T15:29:35Z,2018-05-23T16:55:06Z,5131s (~1.43 hours)
159,standard,opaque,picture,RW,male,29,m,English,3,5,4,2018-05-23T15:29:35Z,2018-05-23T16:55:06Z,5131s (~1.43 hours)
161,dialect,opaque,picture,RW,male,27,m,French,1,5,4,2018-07-20T10:36:30Z,2018-07-20T12:01:19Z,5089s (~1.41 hours)
161,dialect,opaque,picture,RW,male,27,m,English,5,5,4,2018-07-20T10:36:30Z,2018-07-20T12:01:19Z,5089s (~1.41 hours)
162,dialect,opaque,picture,RW,male,18,f,ASL,2,5,4,2018-07-20T10:37:31Z,2018-07-20T12:06:01Z,5310s (~1.48 hours)
162,dialect,opaque,picture,RW,male,18,f,English,5,5,4,2018-07-20T10:37:31Z,2018-07-20T12:06:01Z,5310s (~1.48 hours)
163,dialect,opaque,picture,RW,male,20,m,Norwegin,1,4,5,2018-07-20T10:38:19Z,2018-07-20T13:11:17Z,9178s (~2.55 hours)
163,dialect,opaque,picture,RW,male,20,m,English,5,4,5,2018-07-20T10:38:19Z,2018-07-20T13:11:17Z,9178s (~2.55 hours)
164,dialect,opaque,picture,RW,male,37,m,English,5,4,5,2018-07-20T11:01:13Z,2018-07-20T11:56:43Z,3330s (~55.5 minutes)
164,dialect,opaque,picture,RW,male,37,m,Russian,5,4,5,2018-07-20T11:01:13Z,2018-07-20T11:56:43Z,3330s (~55.5 minutes)
167,dialect,opaque,picture,RW,male,50,f,English,5,5,5,2018-07-20T11:08:00Z,2018-07-20T13:14:10Z,7570s (~2.1 hours)
168,dialect,opaque,picture,RW,male,22,m,English,5,4,5,2018-07-20T11:09:13Z,2018-07-20T12:08:34Z,3561s (~59.35 minutes)
169,dialect,opaque,picture,RW,male,26,f,French,2,4,3,2018-07-20T11:14:12Z,2018-07-20T12:36:52Z,4960s (~1.38 hours)
169,dialect,opaque,picture,RW,male,26,f,Spanish,1,4,3,2018-07-20T11:14:12Z,2018-07-20T12:36:52Z,4960s (~1.38 hours)
169,dialect,opaque,picture,RW,male,26,f,English,5,4,3,2018-07-20T11:14:12Z,2018-07-20T12:36:52Z,4960s (~1.38 hours)
170,dialect,opaque,picture,RW,male,32,f,English,5,5,5,2018-07-20T11:14:13Z,2018-07-20T12:04:56Z,3043s (~50.72 minutes)
173,dialect,opaque,picture,RW,male,53,f,English,5,4,5,2018-07-20T12:11:39Z,2018-07-20T13:58:02Z,6383s (~1.77 hours)
176,dialect,opaque,picture,RW,male,26,m,English,4,4,5,2018-07-20T13:19:38Z,2018-07-20T16:26:48Z,11230s (~3.12 hours)
177,dialect,opaque,picture,RW,male,35,m,English,5,4,5,2018-07-20T13:45:06Z,2018-07-20T16:19:07Z,9241s (~2.57 hours)
181,standard,opaque,picture,RW,male,25,m,English,5,4,5,2018-07-21T11:23:23Z,2018-07-21T12:35:35Z,4332s (~1.2 hours)
182,standard,opaque,picture,RW,male,20,f,English,5,4,5,2018-07-21T11:48:27Z,2018-07-21T13:12:39Z,5052s (~1.4 hours)
185,standard,opaque,picture,RW,male,25,f,English,5,5,5,2018-07-21T11:55:01Z,2018-07-21T13:20:13Z,5112s (~1.42 hours)
188,standard,opaque,picture,RW,male,42,f,Afrikaans,5,5,5,2018-07-21T12:32:21Z,2018-07-21T14:17:13Z,6292s (~1.75 hours)
188,standard,opaque,picture,RW,male,42,f,English,5,5,5,2018-07-21T12:32:21Z,2018-07-21T14:17:13Z,6292s (~1.75 hours)
190,standard,opaque,picture,RW,male,18,f,English,5,3,5,2018-07-21T16:03:45Z,2018-07-21T17:56:34Z,6769s (~1.88 hours)
191,standard,opaque,picture,RW,male,49,m,English,5,1,5,2018-07-21T16:04:02Z,2018-07-21T17:19:59Z,4557s (~1.27 hours)
191,standard,opaque,picture,RW,male,49,m,French,3,1,5,2018-07-21T16:04:02Z,2018-07-21T17:19:59Z,4557s (~1.27 hours)
192,standard,opaque,picture,RW,male,18,f,English,5,4,5,2018-07-21T16:08:40Z,2018-07-21T18:29:09Z,8429s (~2.34 hours)
192,standard,opaque,picture,RW,male,18,f,French,1,4,5,2018-07-21T16:08:40Z,2018-07-21T18:29:09Z,8429s (~2.34 hours)
193,standard,opaque,picture,RW,male,46,m,English,5,4,5,2018-07-21T16:13:03Z,2018-07-21T18:14:34Z,7291s (~2.03 hours)
194,standard,opaque,picture,RW,male,53,m,English,5,4,5,2018-07-21T16:40:01Z,2018-07-21T18:23:06Z,6185s (~1.72 hours)
196,dialect,opaque,picture,WR,male,34,f,English,5,5,5,2018-07-22T10:11:44Z,2018-07-22T11:48:46Z,5822s (~1.62 hours)
197,dialect,opaque,picture,WR,male,20,m,Welsh,1,4,5,2018-07-22T10:25:55Z,2018-07-22T12:16:21Z,6626s (~1.84 hours)
197,dialect,opaque,picture,WR,male,20,m,English,5,4,5,2018-07-22T10:25:55Z,2018-07-22T12:16:21Z,6626s (~1.84 hours)
198,dialect,opaque,picture,WR,male,21,f,French,1,4,5,2018-07-22T10:26:53Z,2018-07-22T11:44:51Z,4678s (~1.3 hours)
198,dialect,opaque,picture,WR,male,21,f,English,5,4,5,2018-07-22T10:26:53Z,2018-07-22T11:44:51Z,4678s (~1.3 hours)
199,dialect,opaque,picture,WR,male,20,f,Vietnamese,5,3,5,2018-07-22T10:28:36Z,2018-07-22T11:48:39Z,4803s (~1.33 hours)
199,dialect,opaque,picture,WR,male,20,f,French,4,3,5,2018-07-22T10:28:36Z,2018-07-22T11:48:39Z,4803s (~1.33 hours)
199,dialect,opaque,picture,WR,male,20,f,German,3,3,5,2018-07-22T10:28:36Z,2018-07-22T11:48:39Z,4803s (~1.33 hours)
199,dialect,opaque,picture,WR,male,20,f,English,5,3,5,2018-07-22T10:28:36Z,2018-07-22T11:48:39Z,4803s (~1.33 hours)
200,dialect,opaque,picture,WR,male,33,f,English,5,5,5,2018-07-22T10:29:23Z,2018-07-22T11:32:55Z,3812s (~1.06 hours)
205,dialect,opaque,picture,WR,male,41,f,English,5,3,5,2018-07-22T11:31:34Z,2018-07-22T12:44:24Z,4370s (~1.21 hours)
206,dialect,opaque,picture,WR,male,38,f,English,5,4,4,2018-07-22T14:16:06Z,2018-07-22T15:06:34Z,3028s (~50.47 minutes)
207,dialect,opaque,picture,WR,male,36,f,English,5,4,5,2018-07-22T14:31:49Z,2018-07-22T16:06:42Z,5693s (~1.58 hours)
208,dialect,opaque,picture,WR,male,39,m,English,5,5,5,2018-07-22T14:50:42Z,2018-07-22T15:44:38Z,3236s (~53.93 minutes)
209,dialect,opaque,picture,WR,male,29,f,Hebrew,1,4,5,2018-07-23T11:56:17Z,2018-07-23T13:34:44Z,5907s (~1.64 hours)
209,dialect,opaque,picture,WR,male,29,f,English,5,4,5,2018-07-23T11:56:17Z,2018-07-23T13:34:44Z,5907s (~1.64 hours)
209,dialect,opaque,picture,WR,male,29,f,French,1,4,5,2018-07-23T11:56:17Z,2018-07-23T13:34:44Z,5907s (~1.64 hours)
212,standard,opaque,picture,WR,male,31,f,English,5,5,5,2018-07-24T10:04:31Z,2018-07-24T12:08:42Z,7451s (~2.07 hours)
216,standard,opaque,picture,WR,male,27,o,English,5,4,5,2018-07-24T10:22:29Z,2018-07-24T12:04:52Z,6143s (~1.71 hours)
217,standard,opaque,picture,WR,male,49,f,English,5,5,5,2018-07-24T10:30:23Z,2018-07-24T12:23:26Z,6783s (~1.88 hours)
220,standard,opaque,picture,WR,male,61,f,English,5,5,5,2018-07-24T10:36:24Z,2018-07-24T11:59:50Z,5006s (~1.39 hours)
220,standard,opaque,picture,WR,male,61,f,French,1,5,5,2018-07-24T10:36:24Z,2018-07-24T11:59:50Z,5006s (~1.39 hours)
222,standard,opaque,picture,WR,male,27,f,English,5,2,5,2018-07-24T10:51:19Z,2018-07-24T11:42:49Z,3090s (~51.5 minutes)
224,standard,opaque,picture,WR,male,36,f,English,5,1,5,2018-07-24T13:45:56Z,2018-07-24T15:34:14Z,6498s (~1.8 hours)
225,standard,opaque,picture,WR,male,42,m,English,5,4,3,2018-07-24T13:46:13Z,2018-07-24T15:07:14Z,4861s (~1.35 hours)
227,standard,opaque,picture,WR,male,35,f,English,5,5,5,2018-07-24T14:39:33Z,2018-07-24T16:08:32Z,5339s (~1.48 hours)
229,standard,opaque,picture,WR,male,21,m,English,5,3,5,2018-07-24T16:07:23Z,2018-07-24T17:14:28Z,4025s (~1.12 hours)
231,dialect,opaque,picture,RW,female,34,f,English,5,1,1,2018-07-25T08:22:44Z,2018-07-25T10:09:57Z,6433s (~1.79 hours)
231,dialect,opaque,picture,RW,female,34,f,Spanish,4,1,1,2018-07-25T08:22:44Z,2018-07-25T10:09:57Z,6433s (~1.79 hours)
232,dialect,opaque,picture,RW,female,19,f,Latin,2,5,4,2018-07-25T08:33:55Z,2018-07-25T10:09:10Z,5715s (~1.59 hours)
232,dialect,opaque,picture,RW,female,19,f,Chinese (Mandarin),1,5,4,2018-07-25T08:33:55Z,2018-07-25T10:09:10Z,5715s (~1.59 hours)
232,dialect,opaque,picture,RW,female,19,f,English,5,5,4,2018-07-25T08:33:55Z,2018-07-25T10:09:10Z,5715s (~1.59 hours)
233,dialect,opaque,picture,RW,female,30,m,English,5,5,5,2018-07-25T08:35:35Z,2018-07-25T10:03:28Z,5273s (~1.46 hours)
237,dialect,opaque,picture,RW,female,26,f,Chinese (Mandarin),1,5,5,2018-07-25T08:57:14Z,2018-07-25T10:25:58Z,5324s (~1.48 hours)
237,dialect,opaque,picture,RW,female,26,f,English,5,5,5,2018-07-25T08:57:14Z,2018-07-25T10:25:58Z,5324s (~1.48 hours)
239,dialect,opaque,picture,RW,female,23,m,French,2,3,5,2018-07-25T09:16:22Z,2018-07-25T10:51:25Z,5703s (~1.58 hours)
239,dialect,opaque,picture,RW,female,23,m,Chinese (Mandarin),2,3,5,2018-07-25T09:16:22Z,2018-07-25T10:51:25Z,5703s (~1.58 hours)
239,dialect,opaque,picture,RW,female,23,m,English,5,3,5,2018-07-25T09:16:22Z,2018-07-25T10:51:25Z,5703s (~1.58 hours)
240,dialect,opaque,picture,RW,female,29,f,English,5,4,4,2018-07-25T09:19:25Z,2018-07-25T11:48:25Z,8940s (~2.48 hours)
240,dialect,opaque,picture,RW,female,29,f,Japanese,1,4,4,2018-07-25T09:19:25Z,2018-07-25T11:48:25Z,8940s (~2.48 hours)
241,dialect,opaque,picture,RW,female,35,f,English,5,5,5,2018-07-25T09:20:15Z,2018-07-25T11:34:46Z,8071s (~2.24 hours)
242,dialect,opaque,picture,RW,female,30,f,English,5,4,4,2018-07-25T09:27:08Z,2018-07-25T11:06:20Z,5952s (~1.65 hours)
243,dialect,opaque,picture,RW,female,42,m,German,1,5,5,2018-07-25T09:38:20Z,2018-07-25T10:45:52Z,4052s (~1.13 hours)
243,dialect,opaque,picture,RW,female,42,m,French,3,5,5,2018-07-25T09:38:20Z,2018-07-25T10:45:52Z,4052s (~1.13 hours)
243,dialect,opaque,picture,RW,female,42,m,Spanish,1,5,5,2018-07-25T09:38:20Z,2018-07-25T10:45:52Z,4052s (~1.13 hours)
243,dialect,opaque,picture,RW,female,42,m,English,5,5,5,2018-07-25T09:38:20Z,2018-07-25T10:45:52Z,4052s (~1.13 hours)
245,dialect,opaque,picture,RW,female,32,f,Spanish,5,5,5,2018-07-25T13:19:46Z,2018-07-25T14:27:06Z,4040s (~1.12 hours)
245,dialect,opaque,picture,RW,female,32,f,German,4,5,5,2018-07-25T13:19:46Z,2018-07-25T14:27:06Z,4040s (~1.12 hours)
245,dialect,opaque,picture,RW,female,32,f,French,4,5,5,2018-07-25T13:19:46Z,2018-07-25T14:27:06Z,4040s (~1.12 hours)
245,dialect,opaque,picture,RW,female,32,f,English,5,5,5,2018-07-25T13:19:46Z,2018-07-25T14:27:06Z,4040s (~1.12 hours)
248,standard,opaque,picture,RW,female,29,m,Spanish,2,4,5,2018-07-26T09:34:30Z,2018-07-26T10:51:54Z,4644s (~1.29 hours)
248,standard,opaque,picture,RW,female,29,m,English,5,4,5,2018-07-26T09:34:30Z,2018-07-26T10:51:54Z,4644s (~1.29 hours)
248,standard,opaque,picture,RW,female,29,m,Greek,1,4,5,2018-07-26T09:34:30Z,2018-07-26T10:51:54Z,4644s (~1.29 hours)
248,standard,opaque,picture,RW,female,29,m,French,1,4,5,2018-07-26T09:34:30Z,2018-07-26T10:51:54Z,4644s (~1.29 hours)
249,standard,opaque,picture,RW,female,30,f,English,5,1,4,2018-07-26T09:49:48Z,2018-07-26T11:11:37Z,4909s (~1.36 hours)
250,standard,opaque,picture,RW,female,39,f,English,5,4,5,2018-07-26T09:55:45Z,2018-07-26T11:38:09Z,6144s (~1.71 hours)
251,standard,opaque,picture,RW,female,54,f,English,5,5,5,2018-07-26T10:06:46Z,2018-07-26T11:39:15Z,5549s (~1.54 hours)
256,standard,opaque,picture,RW,female,30,m,English,5,5,5,2018-07-26T10:36:55Z,2018-07-26T13:30:08Z,10393s (~2.89 hours)
257,standard,opaque,picture,RW,female,21,m,Pushto,2,2,4,2018-07-26T10:37:49Z,2018-07-26T12:33:40Z,6951s (~1.93 hours)
257,standard,opaque,picture,RW,female,21,m,English,5,2,4,2018-07-26T10:37:49Z,2018-07-26T12:33:40Z,6951s (~1.93 hours)
258,standard,opaque,picture,RW,female,24,f,English,5,4,5,2018-07-26T10:37:54Z,2018-07-26T12:34:01Z,6967s (~1.94 hours)
259,standard,opaque,picture,RW,female,20,f,English,4,5,5,2018-07-26T10:42:26Z,2018-07-26T12:48:48Z,7582s (~2.11 hours)
260,standard,opaque,picture,RW,female,41,m,Italian,5,4,5,2018-07-26T10:49:31Z,2018-07-26T11:29:40Z,2409s (~40.15 minutes)
260,standard,opaque,picture,RW,female,41,m,English,5,4,5,2018-07-26T10:49:31Z,2018-07-26T11:29:40Z,2409s (~40.15 minutes)
261,standard,opaque,picture,RW,female,34,f,English,5,4,5,2018-07-26T14:33:46Z,2018-07-26T15:05:19Z,1893s (~31.55 minutes)
265,dialect,opaque,picture,WR,female,24,f,Spanish ,1,4,3,2018-07-27T10:49:50Z,2018-07-27T12:32:01Z,6131s (~1.7 hours)
265,dialect,opaque,picture,WR,female,24,f,English,5,4,3,2018-07-27T10:49:50Z,2018-07-27T12:32:01Z,6131s (~1.7 hours)
265,dialect,opaque,picture,WR,female,24,f,Chinese (Mandarin),1,4,3,2018-07-27T10:49:50Z,2018-07-27T12:32:01Z,6131s (~1.7 hours)
266,dialect,opaque,picture,WR,female,47,f,English,5,4,5,2018-07-27T10:56:56Z,2018-07-27T12:26:48Z,5392s (~1.5 hours)
266,dialect,opaque,picture,WR,female,47,f,Spanish,1,4,5,2018-07-27T10:56:56Z,2018-07-27T12:26:48Z,5392s (~1.5 hours)
267,dialect,opaque,picture,WR,female,33,m,English,5,4,4,2018-07-27T11:07:15Z,2018-07-27T12:30:27Z,4992s (~1.39 hours)
269,dialect,opaque,picture,WR,female,21,f,English,5,4,5,2018-07-27T11:16:27Z,2018-07-27T12:15:58Z,3571s (~59.52 minutes)
270,dialect,opaque,picture,WR,female,32,f,Italian,4,4,4,2018-07-27T11:22:10Z,2018-07-27T12:35:11Z,4381s (~1.22 hours)
270,dialect,opaque,picture,WR,female,32,f,Arabic,2,4,4,2018-07-27T11:22:10Z,2018-07-27T12:35:11Z,4381s (~1.22 hours)
270,dialect,opaque,picture,WR,female,32,f,English,5,4,4,2018-07-27T11:22:10Z,2018-07-27T12:35:11Z,4381s (~1.22 hours)
270,dialect,opaque,picture,WR,female,32,f,Russian,1,4,4,2018-07-27T11:22:10Z,2018-07-27T12:35:11Z,4381s (~1.22 hours)
270,dialect,opaque,picture,WR,female,32,f,Spanish,3,4,4,2018-07-27T11:22:10Z,2018-07-27T12:35:11Z,4381s (~1.22 hours)
271,dialect,opaque,picture,WR,female,21,m,English,5,5,5,2018-07-27T11:27:55Z,2018-07-27T13:03:50Z,5755s (~1.6 hours)
272,standard,opaque,picture,RW,male,19,m,English,5,5,4,2018-07-27T12:32:41Z,2018-07-27T13:46:33Z,4432s (~1.23 hours)
273,dialect,opaque,picture,RW,male,39,f,English,5,5,4,2018-07-27T12:54:11Z,2018-07-27T14:17:27Z,4996s (~1.39 hours)
274,dialect,opaque,picture,WR,female,37,m,English,5,4,4,2018-07-27T14:45:45Z,2018-07-27T15:20:19Z,2074s (~34.57 minutes)
276,dialect,opaque,picture,WR,female,36,m,English,5,5,5,2018-07-28T09:36:02Z,2018-07-28T10:21:52Z,2750s (~45.83 minutes)
277,standard,opaque,picture,WR,female,21,m,English,5,1,5,2018-07-28T12:22:05Z,2018-07-28T15:10:23Z,10098s (~2.81 hours)
278,standard,opaque,picture,WR,female,32,f,English,5,3,5,2018-07-28T12:32:16Z,2018-07-28T13:36:04Z,3828s (~1.06 hours)
280,standard,opaque,picture,WR,female,41,f,English,5,2,5,2018-07-28T12:37:14Z,2018-07-28T14:02:03Z,5089s (~1.41 hours)
281,standard,opaque,picture,WR,female,31,f,English,4,3,4,2018-07-28T12:40:04Z,2018-07-28T13:31:40Z,3096s (~51.6 minutes)
282,standard,opaque,picture,WR,female,41,m,French,4,4,4,2018-07-28T13:05:22Z,2018-07-28T14:24:26Z,4744s (~1.32 hours)
282,standard,opaque,picture,WR,female,41,m,English,5,4,4,2018-07-28T13:05:22Z,2018-07-28T14:24:26Z,4744s (~1.32 hours)
283,standard,opaque,picture,WR,female,19,m,English,5,4,4,2018-07-28T13:05:56Z,2018-07-28T14:51:48Z,6352s (~1.76 hours)
283,standard,opaque,picture,WR,female,19,m,Italian,1,4,4,2018-07-28T13:05:56Z,2018-07-28T14:51:48Z,6352s (~1.76 hours)
284,standard,opaque,picture,WR,female,31,m,German,2,5,5,2018-07-28T13:07:08Z,2018-07-28T14:24:16Z,4628s (~1.29 hours)
284,standard,opaque,picture,WR,female,31,m,English,5,5,5,2018-07-28T13:07:08Z,2018-07-28T14:24:16Z,4628s (~1.29 hours)
284,standard,opaque,picture,WR,female,31,m,Spanish,2,5,5,2018-07-28T13:07:08Z,2018-07-28T14:24:16Z,4628s (~1.29 hours)
285,standard,opaque,picture,WR,female,26,f,English,5,4,5,2018-07-28T13:11:14Z,2018-07-28T14:35:56Z,5082s (~1.41 hours)
287,standard,opaque,picture,WR,female,31,m,English,5,4,5,2018-07-28T16:48:54Z,2018-07-28T17:44:32Z,3338s (~55.63 minutes)
288,standard,opaque,picture,WR,female,31,f,Spanish,2,3,5,2018-07-28T21:18:36Z,2018-07-28T23:10:31Z,6715s (~1.87 hours)
288,standard,opaque,picture,WR,female,31,f,English,5,3,5,2018-07-28T21:18:36Z,2018-07-28T23:10:31Z,6715s (~1.87 hours)
288,standard,opaque,picture,WR,female,31,f,Chinese (Mandarin),1,3,5,2018-07-28T21:18:36Z,2018-07-28T23:10:31Z,6715s (~1.87 hours)
290,standard,opaque,no_picture,RW,male,21,f,English,5,4,5,2018-08-02T20:12:53Z,2018-08-02T21:29:28Z,4595s (~1.28 hours)
292,dialect,opaque,picture,WR,female,34,m,English,5,3,5,2018-08-08T11:45:41Z,2018-08-08T12:51:23Z,3942s (~1.09 hours)
294,dialect,opaque,picture,WR,female,27,m,English,5,4,4,2018-08-08T12:11:24Z,2018-08-08T14:49:41Z,9497s (~2.64 hours)
294,dialect,opaque,picture,WR,female,27,m,Japanese,2,4,4,2018-08-08T12:11:24Z,2018-08-08T14:49:41Z,9497s (~2.64 hours)
294,dialect,opaque,picture,WR,female,27,m,Chinese (Mandarin),4,4,4,2018-08-08T12:11:24Z,2018-08-08T14:49:41Z,9497s (~2.64 hours)
294,dialect,opaque,picture,WR,female,27,m,Malay,4,4,4,2018-08-08T12:11:24Z,2018-08-08T14:49:41Z,9497s (~2.64 hours)
294,dialect,opaque,picture,WR,female,27,m,Indonesian,3,4,4,2018-08-08T12:11:24Z,2018-08-08T14:49:41Z,9497s (~2.64 hours)
296,standard,opaque,picture,WR,male,49,f,English,5,5,4,2018-08-08T14:09:50Z,2018-08-08T15:41:28Z,5498s (~1.53 hours)
296,standard,opaque,picture,WR,male,49,f,Danish ,3,5,4,2018-08-08T14:09:50Z,2018-08-08T15:41:28Z,5498s (~1.53 hours)
296,standard,opaque,picture,WR,male,49,f,Norwegian,1,5,4,2018-08-08T14:09:50Z,2018-08-08T15:41:28Z,5498s (~1.53 hours)
